Thread_ID,Comment,Up Votes for the comment
1m82bht,"I think there are a few things here: Xiaomi has a late mover advantage. All the stuff needed to build an EV (batteries, motors, etc) have been refined and commoditized. Apple isn’t interested in building an EV. They are interested in high margin. I have no doubt they could have built an EV in a year using Foxconn to create. I would bet more than anything they saw then writing on the wall that cheap cars were coming and they couldn’t find an angle to add their premium touch at scale. My understanding is that Apple wanted self-driving cars, not just “an EV”. That’s ultimately where this fell apart.",790
1m82bht,"Apple was part of that group around 2012-2016ish that all believed that self driving cars were imminent. But seemingly everyone realized around 2018-2020 that it was, in fact, not a solved problem and there was a while to go. Most pared down their plans or backed out entirely. Some (one, really) decided to ramp up their propaganda and marketing to convince people that it was stilljustaround the corner.",143
1m82bht,"Or even if they didn't fully believe it, they knew that Tesla was out there saying that this will be fully solved within a year or two and they figured it would be worth it to follow the leader. Once something is solved by one, it tends to quickly be solved by all. Once it became obvious that it wasn't close to being solved, there was nothing to follow. And they didn't have any interest in trying to crack the nut themselves.",11
1m82bht,"This is the answer. Apple wanted a self driving car, not just an EV",239
1m82bht,Or more precisely they wanted the subscription income from the self driving car software.,137
1m82bht,"If they still have to get a car built, imported, and in buyers’ hands first, that hardly matters though.",7
1m82bht,Those tariffs are coming for service income.,3
1m82bht,Nah they couldn't figure out how make it charge without flipping the car,21
1m82bht,"I've seen that meme and it's excellent. (he posts, while sitting in his right-side up car at a charging station)",4
1m82bht,Plus the boost of stock price from that autonomous driving hype. Which they did get I assume.,16
1m82bht,"Not really, Apple's p/e ratio has never really gone above 30 - 35x and this business would have only been a small fraction of their value proposition. Tesla, who's value is almost entirely based on ""autonymous driving hype"" as you put it, has a p/e ratio of 180x. Saying Apple spent billions of dollars of R&D to temporarily boost their stock price half a tick, is stretching credulity.",25
1m82bht,"You're not wrong. I should have phrased my previous post like this: Apple likely hopped on the autonomous driving hype train to appeal to its investors, not unlike their venture into VR/AR and now AI - late to the party + following the herd. Whether it actually fostered a boost in market cap is another story, but they needed the show to at least prove that they haven't gone out of touch. They never get serious in making an EV. Motor, battery, BMS, SDV, chassis. None of that. It's also hard to fathom that it took them 10 years and 10 billion $ to realize that automobiles is a low-margin business compared what they had been used to.",6
1m82bht,"That, I think is probably a bit too much speculation. Apple was probably thinking along the lines of luxury car leases (renting cars that you can’t afford responsibly otherwise).  Basically a subscription by another name. I was mostly offended at your insinuation that they were going for a bullshit autopilot subscriptions like Tesla. If there is one difference between Apple and most companies is that they don’t (usually) put out half-baked products in the market.",8
1m82bht,"That’s a reputation, but there are plenty of examples of half baked products from the apple tree. The trashcan Mac Pro, the whole generation of MacBook Pro’s that they got rid of the ports on, the MacBook pros that have the useless touch bar, the original screenless, iPod nano, any MacBook that had the butterfly style keys, and most recently the Vision Pro, the product without a purpose.
Don’t get me wrong, I used to work for Apple for a decade and every phone that I’ve owned since the iPhone 5 came out has been an iPhone, and I’ve always had a Mac computer since 1987, But Apple is far from perfect.",4
1m82bht,"That's the point... they were waiting for someone to finish baking it, but no one did so they gave up on it.",4
1m82bht,"I don’t know about finish.  I mean, they didn’t invent mp3 players of smart phone and watches, but they  certainly took these ideas and made them fantastically usable and appealing. Maybe this cultural aspect of Apple is dying, but this is what makes Apple special. I remember when PCs were shitty copycat beige boxes and used an OS that was cobbled together with practically no usability considerations.  Apple was in the in-between years, so they were also putting out mostly lame hardware and a pretty sketchy OS, but still better. If Jobs hadn’t come back and pushed design values into the company once more I imagine much clunkier tech and interfaces. I mean, let’s consider how bad most TV menus or even car entertainment systems are.  Truly laughably bad, especially considering how much money goes into them and how they have decent examples to copy from.",4
1m82bht,"Right, but they need someone to finish developing the product so they can polish and refine it with their design work. If the product doesn't already function they can't work their magic.",5
1m82bht,"Well, having a car does help in having a self-driving car.",8
1m82bht,"Not really, look at Waymo. Sure they need a car, but they don't necessarily need to build their own car.",15
1m82bht,"Omg… could you imagine Siri in control of a car… “I’m sorry, I can’t stop at that red light from here. Please authentic on your iPhone.”",3
1m82bht,"Better than Clippy. ""I see you're trying to drive to work! Let me help!"" ::crashes into tree::",3
1m82bht,Yes you nailed it. The massive strategic blunder for Apple was trying to make an AV versus just a really good EV. If they had put all of their resources towards a tech focused EV it would have been a huge winner in the market. Now they are making even more strategic errors with CarPlay Ultra. It is a doomed product as it requires an iPhone to tether to. A better strategy is a fully integrated hardware+software stack like Android Automotive (not Android Auto).,5
1m82bht,"Apple could have hopped on this at any time.  Chevrolet was using off the shelf parts for the Bolt for close to a decade.  It's not like Panasonic or LG chem batteries were unavailable to Apple.  The rest is electronics controls. Most luxury vehicles are high margin.  No problem there.  Even Tesla maintains quite good margins although I do not think that Apple was planning on operating in the lower price ranges. Also, why would they use Foxconn?  Foxconn does not make cars and would have no infrastructure or supply chain for that.  They are a Taiwanese company as well, which has no auto industry to speak of.",3
1m82bht,"Not manufacturing. Design. That's why they had hundreds of startups that wanted to make EVs and get the subsidy. Most of them went bankrupt by now (>99%). What's left are manufacturers that were already established, plus a few others (Nio comes to mind, as well as some companies that were established in different markets like Xiaomi, Great Wall, some others (I think))",27
1m82bht,Overall the EU determined that the subsidy for the industry as a whole was $200 billion.,2
1m82bht,"I believe western manufacturers also recieved subsidy, Tesla also recieved subsidies in past.",4
1m82bht,Am sure there was a lot of industrial espionage at Tesla china factory where all the 'inspiration' for the Chinese manufacturers originates.,15
1m82bht,"Cheap labour isn’t a thing.   China labour costs are comparable to western countries.   Cheap labour is Bangladesh or Cambodia.  Look where your shoes are made, or other items that need a lot of handheld work.  It’s not China. China has mechanized the shit out of factories.  Robots do most of the work, not humans.  What china excels in is having easy access to parts.   You need something - can be sourced and obtained in hours to days at most. Pcb factories will be collocated with plastic moulding and design places.  Want something built or made, or parts - there will be a close by factory making it.  If not it’s at max 1-2 days away order wise.   The west simply doesn’t have this.  You need something it’s not available or weeks away from being able to order.",29
1m82bht,"I think people don't really understand how it's set up. Until 2022, if a foreign company wanted to do business in the automotive industry in China, they had to set up a local joint venture with minority foreign ownership. They've been reducing those requirements in other industries as well, but that's how many industries are/were.",20
1m82bht,IIRC Tesla got an exemption from the JV rules,2
1m82bht,"Careful there, your xenophobia is showing. For anyone curious, here’s what “espionage” looks like: a manufacturer buys a competitor’s car. They tear it down. The end. (Source: my own two eyes while working at a U.S. auto manufacturer.)",19
1m82bht,Munro Assoc will do that. No espionage required.,6
1m82bht,"Yes, that was precisely my point. You can buy a car, disassemble it, and take notes, or pay for a report from someone like Munro. Not unique to one industry or one country. I'm not going to continue, but I'm baffled why you would say this yet bring up espionage in your initial comment.",5
1m82bht,"For anyone curious, here’s what “espionage” looks like: a manufacturer buys a competitor’s car. They tear it down. The end. (Source: my own two eyes while working at a U.S. auto manufacturer.) Right when the Model 3 1st launched, it was reported that 2 of them were sighted in Germany heading toward the offices of Porsche and Audi for reverse engineering. Hilarious shit.",2
1m82bht,"Am sure there was a lot of industrial espionage at Tesla china factory where all the 'inspiration' for the Chinese manufacturers originates. And that ""inspiration"" led to Chinese automakers coming out with cars that are in many cases better. So the student surpassed the master. Before you cope, maybe check and see whatyourcountry is doing for EVs. Chances are, not nearly enough.",3
1m82bht,Long ago? The Shanghai factory has only been operational for 5 years,8
1m82bht,"Espionage? I assume that was just part of the deal. China let Tesla sell in the country, let them build a massive factory there that would service the entire Western Hemisphere, and provided them with cheap labor. And in return, Tesla gave China their tech.",2
1m82bht,"Thats quite funny.  It's more the opposite.  Foreign manufacturers look at whats happening in China, and snarf idea's. Rapid development, large mature market, and lots of competition drives change.  Foreign companies are complacent, Chinese companies are the ones innovating.",0
1m82bht,"high margin premium car can work. Lambo and Bugatti can attest to that. Both these are tarted at ultra rich who doesnt care about price only care about the brand. If apple really want to enter premium car market, they need to spend more time marketing to the rich car crowd rather than spend on tech function imho. Luxury product need a lot of marketing to support its artificial high margin.",5
1m82bht,"Apple sells “premium” devices at scale. I’m only guessing, but I assume they had to make a choice: lower margin and scale or higher margin and niche. Lambo is a good example. Apple doesn’t want to sell that low of quantity.",14
1m82bht,"Premium, but not exactly luxury like Lambo and Co.. Scale is paramount to Apple's margin, as they're after all oriented toward the mass market. They will never price their devices at say, Vertu's level. Just a bit higher than competition with occasional dash of $999 case wheels for the chat.",6
1m82bht,It should be telling that the vehicles they outfitted as test-beds for their autonomous driving were Lexuses.  THAT is clearly the target quality/price level that they would have targeted.  Not Bugatti.,3
1m82bht,"I would bet more than anything they saw then writing on the wall that cheap cars were coming and they couldn’t find an angle to add their premium touch at scale. Nearly every EV in the US is a premium/luxury model right now too. Apple jumping in with a first gen EV, zero vehicle experience, little to no service centers, and throwing a 10% Apple tax on top of an already expensive luxury vehicle price would have been a massive loss of money. Similar to their VR set.",2
1m82bht,"Access to nearly every supplier and all expertise they need within the same country is a huge advantage. Xiaomi has invested enormous amounts of money into auto parts startups to build their own supply chain on top of that. A total of 60+ investments into auto parts and autonomous driving companies according to what I've found. This is on top of existing agreements through their mobile phone and consumer tech products. They have investments or partnered with a ridiculous amount of tech and manufacturing companies. A very favorable regulatory landscape and virtually guaranteed growing EV market because of predictable government planning is also a massive factor. China's government has a strategic focus on renewables (that isn't necessarily larger in funding than the US's IRA, but it's more targeted). However, Apple also has enormous experience with suppliers in China. Arguably they are the #1 private investor into Chinese manufacturing being as advanced as it is today, so there's no good reason I can see why they fumbled this. Xiaomi may have simply bet big on EVs. Interviews with the CEO indicate this was a huge risk. Apple may not have shareholders who trust this type of risk taking, but that's pure speculation.",102
1m82bht,China turns out something like 10x the number of new engineers every year vs the US.   This has been going on for at least 2 decades.  Expect China to out innovate everyone for years to come.  Not saying there has been no espionage but to say that’s the only reason is not even close to the whole story.,72
1m82bht,Just go visit China. Their infrastructure investment is stunning.,19
1m82bht,This is the real answer.  First they copy.  Then they learn.  Now they lead.,42
1m82bht,"Insane competition, leading to commoditisation of skills and supply chain. The society that embraces change, political landscape that values industrial innovation and scale and an economic mindset that doesn’t care about market cap and huge profit margins.",31
1m82bht,Darn those communists and their competitive market forces. How can capitalism possibly compete?,17
1m82bht,"Insane competition Yes, I think this is also part of the reason.  I can imagine if Xiaomi were an EV company in some other country, they wouldn't have had the advantages that they did.  I guess being in China and how competitive EVs are in China, it gave Xiaomi a boost?",6
1m82bht,Supply chain,60
1m82bht,And the needed skills,28
1m82bht,And a government who is 100% behind them and will remove many barriers they encounter.,46
1m82bht,That is it right there. If we had a government that was all in 100% on EV's. Think what we could do?,22
1m82bht,Which apple also does have? It's insane if you believe US government isn't in apple's pockets lol m,3
1m82bht,"Thanks. I think this is a good discussion. I am reading this other article from Bloomberg,where the Xiaomi CEO poached some top talent from Geely. But this tells me that China must have some of the best EV engineers, and also some of best talent in the car industry right now?",9
1m82bht,"I'm not an expert but as far as I know China was top notch when it came to low tech building skills and now they also got very good at high tech building skills like building cars. I think there are many different factors why China is capable to build eletrical vehicles. It's not just how politics work over there. You also need hard and soft skills to build cars from scratch. If it would be only about money, Apple would have a car too.",8
1m82bht,"Yes, I think so too. I guess it's like how the US has some of the best software developers in the world?  So when you start a new software company in the US, if you have the money to hire them, you already have access to some of the most talented software developers in the world, just because you are based in the US. I guess this is how Xiaomi did it? Some of the best EV engineers and car designers are in China now?",6
1m82bht,"Well yes. The west didn't invest much in EV because of the patents having insane fees making it too risky to kickstart and continue development. China didn't care about patent law and built onto the battery tech the past 15-20 years and improved it by a significant margin. And now that those patents are expired, they starting to export. Chinese EV have more than a decade in tech advantage than the west that includes their skilled labor. If you get EV, make sure it's mostly made by china especially the battery (CATL or BYD) than anywhere else. Their advantage in LFP and NCM are just staggering and we haven't even began trying to catch up because of cost, rare earth and tariffs not high enough to help local production. Haters are blinded, Chinese EVs are insane even their car build quality. China has the best labor skill for EV and textiles than anywhere in the West",10
1m82bht,China has published the most and best research papers in the EV and EV battery sectors.,4
1m82bht,"Yep. And our good friend and favorite president Donald J. Trump just guaranteed that China will not just maintain, but increase their lead over US manufacturing. After all, why would engineering talent that specialized in EVs stay here? Why not go to China. They're more hospitable, and apparently their manufacturers are paying their engineers better too.",12
1m82bht,"They're more hospitable, and apparently their manufacturers are paying their engineers better too. I was getting recruited by a Chinese OEM at one point.  They offered a lot of money but it was something like a five year commitment. There's just no way I could do that, particularly for the city this OEM was based in.",4
1m82bht,There is plenty of talent in the worldwide car industry.  Car industry is a fast moving field.  There are innovations from China-Japan-Europe-US every year. What makes China different? Government has more power.  Cheap labor-materials.  Largest market. That’s it in a nutshell.  US-EU designers/engineers do what Chinese do.  Just car companies are marketing to different sets of customers.,3
1m82bht,"There is plenty of talent in the worldwide car industry. Car industry is a fast moving field. There are innovations from China-Japan-Europe-US every year. I don't think Japan has some of the best EV talent now?  Because the Japanese auto makers are simply further behind when it comes to EVs. I think if you're starting a new EV company, and you have the money, you are far better off starting it in China, than you are in Japan.",2
1m82bht,You mean Tim Cook,3
1m82bht,"500 new engineers graduate in China every month. They have 100s of businesses that are already masters of robotic manufacturing. Culturally, there is no impediment to using facts, science, and engineering to make decisions. Their government listens, understands facts, science and engineering, and believes strongly in the value of trade. Investors have fewer risks because government policy is stable with future changes are communicated well in advance Not where I'd wanna live under any circumstances, but it's good for growing a business",40
1m82bht,"6000 new engineers per annum sounds kinda low for China, tbh. Are you missing a few zeros?",4
1m82bht,"Any you know, they pay their grunt workers next to nothing. I find it crazy this always gets glossed over. That’s why the US imports next to every over there in China because labor is so much cheaper (not for good reasons).",5
1m82bht,"That's a changing fact, especially in the tech world in China.  Labour costs have been rising steadily, and have worried China leaders.  So much so their drive for automation far surpasses everyone else in the world combined.  Look up dark factories.",16
1m82bht,You are mistaken.  The cost of living is far lower in China and they have excellent public transportation in 54 cities.  Look up Chongqing.  Hyper modern city with 34 million people and incredible architecture and monorail everywhere.  The USA is far behind.,9
1m82bht,Xiaomi is no startup. They have a very large customer base with all sorts of electronic products. A better comparison than Apple would be Sony or Samsung. The Xiaomi SU7 Ultra has beaten Porsche on thier own game at the Nürburgring Nordschleife.,27
1m82bht,"Well Sony was able to present a prototype of their EV in 2020, which means they probably started working on it in 2017/2018. Then Sony signs a deal to have one of the largest automaker in the world (Honda) build the EV together. In the 1990s Sony and Honda were arguably the best companies in their respective field. In the 2020s Sony and Honda will struggle to produce this Afeela EV by 2026. Meanwhile Xiaomi starts their EV program in 2021, and by 2025 has already put 2 models on the market producing them at nearly 30,000 units every month. Japan Inc is old and ossified and got passed by the likes Samsung already, and now they are all unable to compete with the agile newcomers out of China such as Xiaomi and Huawei.",13
1m82bht,"All these replies seem to be ignoring a simple fact: Apple designs and sells products. Their suppliers manufacture. Xiaomi does both. It’s incredibly complex to turn yourself into a manufacturer and I think while the design group wasted billions on design and maybe even manufacturing design and concepts, actually building things is a complicated and ugly low margin business. Apple is used to fat margins, high payroll software engineers and designers, etc. Manufacturing requires an army of lower wage engineers with very focused tasks and Apple simple doesn’t understand how to run that world. They outsource that. And even if they did figure out, the shareholders would have a hard time understanding why Apple is chasing a low margin difficult and competitive business when they’ve built and incredibly profitable ecosystem they can milk for years before they’re completely irrelevant.",15
1m82bht,"Someone else posted above that Xiaomi doesn’t actually manufacture their cars? Also, phones were low-margin until Apple got into it. Most phones still are low-margin.",3
1m82bht,"Xiaomi does manufacture their own cars. Their brief association with BAIC was only to borrow their manufacturing license so they can come to market a few month early while their own manufacturing license was still pending. However Xiaomi does use a ton of suppliers to manufacture their cars, but that is also the case of most carmakers. Only BYD and to a lesser extent maybe Tesla and Geely are more vertically integrated and make a lot of components themselves.",5
1m82bht,"Sony worked with Honda to design a car, each one brought their expertise and likely cost them significantly less than if they were to do it alone and start from scratch.",7
1m82bht,"Battery development, supply chain, a government not actively trying to sabotage your product, not having half the media undermining the rationale of selling EVs, and, more importantly, having a government that is promoting energy independence and reducing pollution.",6
1m82bht,"No.1 - Supply chain, including decades of domestic battery production and expertise, Govt backing - (subsidies, charging infrastructure, AI, FSD), home R&D talent, international designers, vision from the CEOs, collaboration amongst the CEOs (SU7 built by State owned Beijing Automotive Company), choosing not to be purely profit driven. Ironically US sanctions led to Xiaomi needing to diversify its business to EV Reuters Article Link",5
1m82bht,international designers I'm reading that there are a lot of European designers working for some of the Chinese EV companies now?,3
1m82bht,Wolfgang Egger (formerly of Audi and Lamborghini) leads a hundred strong international team of designers at BYD,3
1m82bht,"You are seeing what happens when a government devotes all its resources to an industry and sponsors companies in it, vs a government that fights them every way it can. China is laser focused, no matter the cost, at being the world leader in many things. We hand more to them on a platter every time we get in the way.",6
1m82bht,"Apple “wasn’t serious”. Xiaomi wanted to be a car company, they did it. Apple had money and people who liked cars. They wanted to keep some important people happy and let them make what they wanted. If you read reports, they did a lot. They have the money, they could have bought a small car company or expertise and started making factories and whatever. They could have bought Tesla when the project started, I think. Instead they designed a car. They went through multiple complete redesigns. People came and went on the project. At one point after “finishing“ a design enough to think it might be worth moving forward with they went to figure out the cost and found out it would’ve been like a half million dollars. So they started another redesign. And they got enamored with the self driving thing. to the point that one of their designs apparently looked vaguely like aCanoobut had no steering wheel/etc. meaning that even if the design was good it couldn’t ever be sold until self driving was solved. They thought they could, like everyone else, they didn’t. Apple 100% could’ve made a car and sold it to the public. They had the money, they could hire the talent and buy whatever they needed. It was closer to a vanity R&D project. I don’t think they ever even discussed they were working on it at all, it was just know through leaks as gossip. It was called Project Titan. I think John Gruber of Daring Fireball had a good summary at some point after it was clear it was dead of what his sources had said happened. As someone in “Apple World” it became something of a running joke how long it went on and how much money they wasted on it.",7
1m82bht,One Answer - Supply Chain,5
1m82bht,"I don’t think the issue was that Apple couldn’t develop a better car. They probably came to the realisation that cars will ultimately remain as commodities, no matter what tech you put in it, if you even manage to become the first fully autonomous car, it’s not like everyone else just stops and gives up - others will reach it and then compete and more will enter and compete and so on. It’s not a race that stops once someone gets there first it keeps going. The only reason Apple went into it was to add to its ecosystem, but then it realised it was better off focusing on Apple Car play and making that software for car manufacturers.",6
1m82bht,A big part is government subsidies. The Chinese government is willing to spend trillions of dollars to prop up industries they think will have a future. Most companies will fail but there will be a few winners and these will make China more competitive.,13
1m82bht,"Xiaomis are manufactured by BAIC, it's not like they built up an entire manufacturing chain by themselves. Their software stack though has been very integrated across a wide range of products for the last decade though.",8
1m82bht,"Direct manufacturing power. They can machine and assemble prototypes so quickly because they don't have to send CAD drawings out to another country to build and ship back, reducing R&D costs.",3
1m82bht,The Chinese companies “borrowed” a lot of what Tesla did to get ahead. Trade secrets don’t seem to last in China.,4
1m82bht,Robust state support.,5
1m82bht,Making just another EV was never going to fit Apple's business model. The gross margin is way too low.,5
1m82bht,"Apple wanted Apple experience, not Tesla",5
1m82bht,China has a lot of the raw materials for making batteries. It also has a weird and fascinating system of where the central government (AFAIU) funds the early stages of founding businesses in certain key areas pretty lavishly. But only the early stages. This leads to a business environment where it's pretty easy to get a company in one of these areas up and running. But after the early stages they're going to have to fight it outintenselyamongst themselves. This seems to produce success. I forget what the term for the above is. China jungle gym..?,3
1m82bht,IP is not a thing China. R&D is just cost of espionage. It is must easier to do things over there,3
1m82bht,China also has an enormous pool of very capable engineers who make a small fraction of the salary that the average Apple engineer would make. China also has a culture of working long hours.,4
1m82bht,"I don't remember who but this journalist (investigative) said that Apple basically helped the Chinese build all these tech and cars. By enabling them to manufacture the iphones all these years. They now know what to do, how to do it. He went on the daily show.",6
1m82bht,"Apple is a profitable company which makes it fundamentally different than Tesla which still hasn’t been able to make a profitable EV after all these years, they remain in business thanks to government subsidies (every American paycheck has a little money stolen from it and given to Tesla so Elon can be the world’s richest man). The auto industry is notoriously competitive and low margin, that’s not really Apple’s thing. Why they had a car program in the first place is anyone’s guess but they must have decided it wasn’t worth their time in the end.",6
1m82bht,Truth is apple dumped a ton a money at the problem and it wasn't enough so they gave up. They have more money but realised they couldn't do it in house and are taking the typical apple wait and see approach. Pretty weak from apple and I'm saying this an an apple shareholder.,3
1m82bht,"Apple usually enters a new market with a twist on how they’ll differentiate their product.  Although they might have abandoned this effort when they saw companies like Lucid, Rivian, Mercedes, and others struggling to sell cars in large numbers profitably. It’s not like EVs are a huge money maker for any car manufacturer today.  Maybe Apple thought why struggle to turn a profit when they could just find something else or wait until companies fail and pick through the rubble.",2
1m82bht,"The points can be summed up like this: Also, Apple didn't want to build an EV specifically, they wanted to build an Autonomous platform.",3
1m82bht,vegetable quickest childlike crowd husky enjoy tart cause quack close This post was mass deleted and anonymized withRedact,3
1m82bht,Stolen Tesla technology and a Government that pays them to do it,3
1m82bht,"""What are the advantages that Chinese EV makers have that is allowing them to accomplish this?"" -- simply put, in order to do business in China, you actually have to submit your blueprints and know-how to them. That's right, it's part of the contract that you must basically tell them how to build/do your product and your ideas in order for you to have them build it/contract their production. Factor in a subsidized business model by the government and you see what has led to China's superpower rise-- Unchecked Intellectual Theft subsidized by the Chinese Communist Party. They can then take your ideas and product after bopying them to make further improvements as they see fit -- all subsidized by the CCP. That's it really. It shows you how china is the world's leader in fakes and intellectual theft. It's all part of the CCP machine.",10
1m82bht,"My question is, how can a company in China, with only 2 model released and only 4 years in the industry, suddenly challenge Tesla so quickly, where Apple with all its money and resources, failed after 10 years? What are the advantages that Chinese EV makers have that is allowing them to accomplish this? Good management. Government support. 20 odd years of planning and coordination between industries and government. For another example, look at VW or Toyota or GM or Ford. He Warned Them, They Ignored Him. Now VW Will Pay The Price! | Connecting The Dotshttps://www.youtube.com/watch?v=r5qek6iU07Q Volkswagen spent €14 billion trying to beat Tesla. What went wrong? In this video, we dive into the unbelievable story of CARIAD, Volkswagen’s failed software division that was supposed to future-proof the entire VW Group — including Porsche, Audi, and Bentley. Instead, it became Europe’s most expensive tech disaster, derailing EV launches, delaying flagship models, and costing VW billions.
Former CEO Herbert Diess saw the threat Tesla posed and tried to fix VW from the inside. But he was ignored, resisted, and ultimately ousted. What happened next reveals a brutal truth about legacy automakers, institutional resistance, and why the West is falling behind in the EV race.
Whether you follow Tesla, BYD, Rivian, or just love stories of disruption and failed innovation — this one matters.",4
1m82bht,I think it’s best if you hear from Tim himself:https://www.youtube.com/watch?v=L9f5SQQKr5o&pp=0gcJCdgAo7VqN5tD,2
1m82bht,"It's not like APPLE desperately tried to make an EV but just couldn't get it done. It was a topic for 1-2 years, but they dismissed the idea rather quickly. And to be honest, they were right. There is no money to be made with EVs at the moment. Apple makes a net profit of 90 billion dollars per year, why would they join a business that currently runs on deficits? And even if they would be profitable, how many cars would they have to sell to really have an impact on their profit? Xiaomi makes phones, fridges, toasters, air cons, even backpacks... and still the move to make EVs is more like a marketing gag for them so far, they don't make profits with those cars, but it's good marketing for the rest of the company. Apple rather focuses on earning money with services which has a way better margin. What services is Xiaomi offering?",2
1m82bht,"where Apple with all its money and resources, failed after 10 years? I mean do you think Apple failed to make an EV, period? They just failed to make one to their standards, whatever those were. Apple usually has no interest in entering an already established market with a product that doesn't distinguish itself in some way.",2
1m82bht,"In a nutshell, Apple spent a decade, and billions of dollars, to build a car that could beat Tesla. In a nutshell, that's entirely wrong way to describe what Apple was after as the article you linked makes crystal clear. They didn't set out to make some kind of model Y rival which is what Xaomi did. Apple wanted to  revolutionize the industry by making a fully autonomous car without steering wheel and pedals. They spent all their time designing for that and trying to develop the corresponding tech. they couldn't do that so they bailed. they have no interest in being just another EV maker with an offering that doesn't radically distinguish them from the rest of the field.",2
1m82bht,"The Chinese have been making plastic, battery-operated and motorized toys for decades. They have all the expertise required.",2
1m82bht,it’s Focus.   that’s the magic.  they are laser focused on the end goal.,2
1m82bht,"Not only just with cars, but with basically anything Chinese: very close proximity to manufacturers that can make prototypes in any material imaginable, coupled with suppliers of commodity parts being also very close by. If you’re in shenzhen for example and you need to add a button to a product, but you wanna make sure what you end up using feels correct in its action; you pop over to the electronics mega market and pick up a dozen different button modules and try them all out, same day. Prototype with the “good” button is made by that afternoon. CnC machined billet aluminum enclosure for the prototype is done by the next day by the company up the street. There’s no “3-7 day lead time” on prototypes because everything they need is right there.",2
1m82bht,Apple spent 9 years arguing over the ergonomics of the door handle and never made it past that,2
1m82bht,"I honestly doubt they couldnt do it, it simply isnt profitable enough. The automotive field is extremely competitive and segmented, you can build a car pretty much by just going to suppliers and getting ready parts. Thats why so many start ups poped up, they don't need to develop a full car.",2
1m82bht,China's manufacturing systems are best in the world.,2
1m82bht,"I would supply chain advantage, and Xiaomi didn't pursuit super high margin like Apple? By the time Xiaomi begin to make car, there are lots of robust Chinese EV parts suppliers who have surviving the brutal EV competitions, with extremely good techniques and production volume.m Also I would say Xiaomi got the  right people? Their head of car department is some dude coming from Zeekr, who has made some fancy super high performance cars before. Finally I would say the goal? Apple is just too ambitious and trying to squeeze a dozens of unmatured shits into the Apple car. Xiaomi took the modest approach by just making the car looks really nice, and have a good track records as advertisement shotout. Sure normal users wouldn't take the car to the track, but it provide users with decent brand values. That compensates Xiaomi's shortcoming in smart driving and ECU tuning.",2
1m82bht,"it was a massive failure on Apples part Xiaomi for over a decade has followed Apples footsteps and to create a car where Apple gave up showed two things to the Apple users in China Steve Jobs would be rolling if he knew how his company has become, Apple used to be known as the most risk and cuttingedge, now they dont even have an AI product let alone a car Xiaomi as a result is gaining market share over Apple in mainland China and their su7 is one of the most desired cars",2
1m82bht,APPLE needed to reinvent EVERYTHING whereas Xiaomi goes down the street and there are suppliers that know what they are doing and SO MUCH talent in China waiting to get hired for a project like that,2
1m82bht,Most people can afford a premium phone for $1000 when it’s spread out over a multi year phone contract. Most people can’t afford a premium car price(100k plus) .  Or whatever a magical car costs.,2
1m82bht,"too much hardware in a full car for apple long term.  they are primarily a sw company with a small hw form factor flavorizer.  they may jump back in at some point, but for now they will let the industry settle and probably look to buy in or simply build sw that they lic out...",2
1m82bht,"Labor, supply chain, safety requirements, permits cost a FRACTION in China. Apple's internal culture promotes competitiveness/rivalry between teams. I assume that Xiaomi has other culture.We don't actually know what the quality of Xiaomi's cars are. I have seen the videos of someone showing the features of the car but thus far, very little is known about what is in there. I believe that they made a good vehicle but again, the quality is thus far unknown. In addition, Apple seems to have issues when it comes to getting with the times. Siri is still the worst piece of shit I have ever seen. Somehow, even my 4s had better Siri than my iPhone 15 Pro.",7
1m82bht,"Watch Munroe Live on YT. Sandy Munroe is somewhat special, but his expertise on design for production explains a lot of issues. TL;DR: The US has leadership problems",3
1m82bht,"Its not leadership, its unchecked capitalism. Places like ford are run like its a wallstreet bullpen, not a engineering department. Its not leadership that is the problem, there is no leadership. Just people that are in it for hitting KPI's set by others that are also out to just get their bonus. If there was actual leadership it would not be so toxic. Same foes for all other car companies for that matter but ford is easely the most agregious as it reflects to poorly in their engineering.",2
1m82bht,"I'd say that the YU7 is way ahead of the Model Y. Quality wise, it's more comparable to a Porsche than a Tesla.  Its a different tier. Xiaomi isn't coming from nowhere - they're getting a larger company to build  the car to their specs, similar to how Tesla started. Apple China could totally have done this if the will was there.  I suspect that Apple China doesn't have the authority or vision to pursue this sort of development, as it would likely be driven by California Apple.",1
1m82bht,"Xiaomi is a nice brand, but its defenetly not playing in porsches playground. Its more closer to tesla than porsche.",3
1m82bht,IP theft mostly I guess,5
1m82bht,IP theft.,4
1m82bht,"Now that they’re passing us, it’s time for us to steal shit back. Cmon, where’s my Chrysler Town and Country that’s surprisingly similar to the Zeekr Mix?",3
1m82bht,Yes what exactly do ppl think the purpose of these forced “joint partnerships” in China are for when it comes to foreign companies?,5
1m82bht,Could you elaborate more? Xaomi committed IP theft from Tesla?,2
1m82bht,Competent people. Americans dont have the skills,2
1m82bht,"Apple was too gung ho about full self driving, which burned money and wasted time.",2
1m82bht,"Hard working and smart workforce.  Workers don't expect to work 6-8 hour days, they are probably used to 12-18 hour days over long time periods.  Government is not coddling their car industry.  They might be supporting it and causing some problems that way - but far smaller problems than in America where we coddle our ineffectual business leaders. China will be demolishing the US in most areas, unless out burdensome government is fixed.",2
1m82bht,"I think part of it is the goal, Apple was trying to release a fully self driving only car which is a crazy goal. Especially when they have never made a car before.
Xiaomi also has the advantage of having a massive domestic supply chain that they can quickly and cheaply pull from to be able to build just about anything. Add in a large set of subsidies from the CCP and they’re going to put something out very quickly and cheaply.",2
1m82bht,"Everyone’s coming in here with lengthy analyses on how Xiaomi did it, but it’s really simple. The CCP has been funding these efforts in a massive way. That’s it. We could be doing the same in the US, but our government has its hands in the pockets of the oil industry.",1
1m82bht,"And pharmaceuticals, we own the jab.",2
1m82bht,"Apple shifted focus from making a car (in an increasingly crowded market for which there is heavy competition) to making AI / Augmented Reality products (or attempting to) - Their lack of desire to fill this space and attempt to find a ""New' Market is what likely made them pivot here. Now the choice to shoot for AI features when Apple's products are used primarily by creators who despise AI is an industry ""Whoopsie Doodle"" which Wacom also fucked up on. Adobe is still trying to figure out why folks are running from their platform after they included language that any and all data saved on the ""Creative Cloud"" is subject to their new AI's data scrubbing and they're like ""Wait, why are folks leaving?!""",1
1m82bht,"Apple's had 3 strikes: Car, Goggles, AI. They'll need to start increasing dividends or find a new market to conquer to maintain stock price growth rate we're used to.",1
1m82bht,"Ill try to give you an analogy. What most Chinese manufacturers are currently doing is what Dacia is doing. For the non Europeans: Dacia is a car brand thats part of the Renault group. Dacia is known to offer the most affordable cars here in Europe using parts from Renault. Does that mean a Dacia is of the same quality as Renault as they share many parts? The answer is no. Dacia saves money by not having a big r&d budget/team that thoroughly test their cars during development. Dacia may use Renault parts but they spend less money and effort refining the parts and testing the parts in combination with each other. In the German TÜV statistics (mandatory car check every 2-3 years) Dacia consistently ranks the lowest with all their models, lower than Renault and their more expensive competition. Ofc there are premium Chinese brands but the philosophy is the same. The only way the Chinese can get cars that seem good on a surface level, is a development period that is simply less ambitious than those of many traditional manufacturers. Cars that have little in-house developments and mostly use pieces that they didnt develop themselves. Thats ofc not to say that traditional manufacturers have perfect cars with exclusively in-house developments but the level of refinement and optimization is far higher, even when they work with suppliers, they usually work closer with suppliers to get a deeper level of refinement. Particularly premium/sport cars for example work with tyre manufacturers to develop tyres specifically for a model or a model series. Apple is a very successful company with high margins. People buy them for quality, for status, for a refined experience and they pay a premium price for it. When Apple does things, they do them well. Ofc not always, again, theyre not perfect but Apple is like the Porsche of smartphones. Compare the iPhone to a Xiaomi. Apple has their own OS, Xiaomi does not, they use Android. Apple develops their own chips, Xiaomi does not, Xiaomi uses Qualcomm chips. The potential of a high quality product when you do more in-house developments and if you nail it, you also are rewarded with higher margins. Apple isnt happy with a Dacia Spring. They want at least a VW Golf a BMW 5 series, a Porsche 911. And the difference in investments and necessary resources to develop those cars is significantly larger than being happy with a Dacia Spring. For gods sake look at the Xiaomi SU7 and its interior. Tell me with a straight face it draws 0 inspiration from a Porsche Taycan. Chinese EVs look brilliant on a surface level, they look good on paper and those things are easy to market. Oh look, materials in China EV good, in Germany EV bad, China>Germany. The levels of refinement and optimization is what you feel when you actually own the car and its one of the biggest differences between Chinese cars and traditional manufacturers, the most common criticism towards Chinese EVs is the driving experience, the level of refinement in the ride. And since those cars are all fairly new, time will tell how well these cars stand the test of time.",1
1m82bht,"less regulation, & Apple over obsession about getting things perfect",1
1m82bht,"I don’t think Apple had any interest in building a car, but being the tech that integrates into a car, or runs most of the user interface-able systems.",1
1m82bht,Apple surely wasted a lot of money to make the car obsolescent after some time.,1
1m82bht,"Apple wanted a fully autonomous car, no steering wheel, pedals or even conventional seating. More like the pods that were on the TV show Westworld. I think Zoox is the only one close with something like that but they have limited routes I believe.",1
1m82bht,It’s a race to the bottom. There’s no money being an ev competitor at this time. Let them fight and buy out one of the few survivors.,1
1m82bht,Technology transfer from Tesla enabled them. Same as from Apple for smartphones. You can read the book Apple in China for more details.,1
1m82bht,it's basically CCP vs Tesla. even then YU7 is a burning trash bin. there are numerous reports on YU7 sparking flames from the brake pads and hardware malfunction.,1
1m82bht,"They want it more, way more. Add to that unlimited talent pool, anything is possible.",1
1m82bht,Apple was worried about regulations and liability which is an after thought in China,1
1m82bht,"Walking a worn path, cheap labor, reduced regulation, mature manufacturing infrastructure and government subsidies. All add up.",1
1m82bht,Subsidies and raw resources.,1
1m82bht,Someone ignored the fact that the Chinese EV cars industry R&B was paid by apple,1
1m82bht,Kind of a shame that they gave up isn't it? If Apple had succeeded building a car that was easy to use and easy to program it could have been revolutionary 🎊,1
1m82bht,I think Apple was trying to build a driverless car. That’s the difference.,1
1m82bht,"Massive subsidies and recently revealed fraud, oh and cost parity advantages.",1
1m82bht,Less (stringent) government regulation. Better access to the natural resources needed to make the products.,1
1m82bht,The Chinese market is inundated with subsidies and everyone pretty much copies each other,1
1m82bht,"> What are the advantages that Chinese EV makers have that allow them to accomplish this? Not being a company that already measures its profit in ""thousands of dollars per second"", mostly.",1
1m82bht,Giant transfer payments from the Chinese government,1
1m82bht,Xiaomi had an advantage in that they could reverse engineer existing vehicles,1
1m82bht,China will literally move mountains for their companies. State Banks “loan” state money. This is Never paid back. Whole industrial cities are built without any planning restrictions or regulations. Millions of workers to exploit. No environmental regulations or restrictions on battery/steel/aluminium production. The entire state apparatus is literally behind these companies and they distort their true position and profits massively.,1
1m82bht,Apple should've bought tesla way back when ...,1
1m82bht,"The answer is the whole topic of the article you linked. Of course, Apple picked the second approach, and that was the issue. So in short, Apple didn't try to build a car, but a revolution. Xiaomi focused on making 'just' a car.",1
1m82bht,"Apple never wanted to build a conventional car. They were trying to join the market just at the right time to hit the spot we're self-driving cars hit the market, because then they could integrate a work desk or entertainment zone. A major issue has been that it become increasingly obvious how much harder it is to get self-driving cars to work.",1
1m82bht,The premise of the question is wrong. They didn’t want to build a Tesla. Musk tried to sell Tesla to Apple but they were not interested,1
1m82bht,A non existent copyright law,1
1m82bht,"Lots of technology sharing, slave labor, and immediate access to resources and manufacturing that does not exist in the west anymore",1
1m82bht,"Strong vertical integration initiative to in-source as much of the supply chain as possible. Chinese firms have gotten absolutely phenomenal at project management when they can't vertically integrate their business. Trying to make a smart watch, and you have your design, but need help finding a machine shop, a PCB maker, a touch-screen maker, strap supplier, software to interface with iOS and Android, and even the packaging? Don't worry, the planner at the assembly shop you're talking to in Shenzhen already knows three of each of these and will know who is best suited for the job in 48 hours. Try to build a grill brush in the USA like Smarter Every Day? You gotta find these suppliers all on your own,  and almost every company ""stays in their lane"" because specializing and not project managing for others is how they've survived. Their head of state is also a dictatorial dickbag but he has the common sense to nurture an up-and-coming segment of the global tech industry in his country, instead of trying to squash it to spite his political opponents.",1
1m82bht,I think it’s the added infrastructure needed to sell and service their own cars. Not to mention the liability that comes with recalls or potential injury/death with anything related to their brand. Just wasn’t a model that Apple wanted to take a risk in. I don’t blame them.,1
1m82bht,Cause China has already stolen the tech because most companies have there stuff made there,1
1m82bht,I think they probably didn’t right thing. They can come back when charging is almost instant and the mindset has changed a bit more.,1
1m82bht,"apple didn't fail, they realized it was a race to the bottom and refuse to do anything thats not 30% margins.",1
1m82bht,Chinese labor laws,1
1m82bht,"First, SU7 design goal was to be performance car. That why that they send their cars to track laptime. This is a very successful campaign. SAIC help Xiaomi to build their mega factories. That the main reason why they can up their factory in three year time. With Xiaomi brand and all marketing tacts. SU7 became the most sounding EV in China. The moment the price revealed, everyone WOW. It is lots cheaper than Taycan. Not to say it track better. SU7 popularity bring the YU7 sale.",1
1m82bht,"They wait for someone else to do all the innovation and R&D, then copy it.",1
1m82bht,Slavery,1
1m82bht,"The Chinese are masters at industrial espionage at all levels.... design, development within corporations, and at the student, research and post doctorate levels and teaching in almost every university in North America (and probably worldwide). There is a very good reason their economy and tech and sciences capability has exploded over the past few decades. Don't believe me? Do some digging. :)",1
1m82bht,"Another explanation is that, ironically, for all we hear about XYZ Chinese companies being a branch of the Chinese Communist Party (CCP), they are actually highly autonomous and market-driven, meaning that they focus on results, efficiency and ultimately the end customer. American corporations, by contrast, are often stuck in a massive spiderweb of conflicting priorities driven by investment funds (which are a notoriously bad, short-term profit oriented type of governor), and also face various confusing obstacles and shifting priorities and environments from their own government.",1
1m82bht,The Chinese are very capable and ruthless in copying US technology. The Chinese government either owns or subsidizes that manufacturer.,1
1m82bht,Car manufacturing is fungible. So is the drivetrain and software.,1
1m82bht,Apple tried to Applefy it and add all sorts of shit that wasn't core to the problem at hand,1
1m82bht,"Apple was plugged deep into the Chinese industrial base; they knew a cheap EV was possible, they knew exactly how to do it in China because they were in China, where it was already happening! They couldn't figure out how to do it outside China at reasonable cost. But they were already overly dependent on China, so it would be unreasonable to invest even more money into China.",1
1m82bht,"Margin. Consider this: despite all the criticism Toyota gets on this sub, their annual profit is roughly equal to the combined profit of the top 10 Chinese car manufacturers. It’s a good reminder—just like Dyson, Apple probably could make an EV, but turning a profit at decent volume is another story entirely. Unless they’re content to remain a niche, small-volume exotic brand, achieving margins anywhere close to their usual product line is a tougher challenge.",1
1m82bht,I think Apple’s culture also played a role. They cancel project that seems not almost-perfect to users. They focus on user experience. Imaging an Apple car stuck at an intersection… I don’t think they want that but Tesla and Waymo would release products that can have those issues.,1
1m82bht,"People underestimate the advantage of controlling the least interesting part of any business, the supply chain. China have slowly monopolized supply chains in EV's to point that it just doesn't make sense to compete with them anymore.",1
1m82bht,Apple wanted it to be safe and not just some cheap knock-off like pretty much everything in China is. That’s why. I’ve owned a Chinese EV and… well. Sure it’s good for the first six months. Then it’s like Lads from 1972.,1
tksecr,"Sharing my 1.5k mileage review of the Hyundai 2022  Ioniq 5 SEL AWD  (also have a Tesla model 3 LR AWD).  Got Ioniq 5 for MSRP in dealer inventory across the pond in NY (get with the program VT and sell these), salesman easy to work with but admitted he knew nothing about electric cars (ha I expected that). Pros Perfect end-to-end ICE replacement, quiet inside, drives and handles great in light snow (with stock tires),  country mudseason rutted back roads, and on highway roadtrips. Quality built, like the black exterior and black interior, most subtle color combo. The long wheelbase makes the interior very big inside (both front and rear seats) with lots of headroom. Love the heated steering wheel, heated seats and power lift gate. Software is solid, no bugs or troubles encountered.  App does the essentials well and is helpful. Range is plenty for our needs and it's great to have the option of 350kw fast charging via css for roadtrips. Vehicle to grid is interesting, have to explore it in the future, even as just a home generator for power outages. Cons The lack of a rear windshield wiper is infuriating. Winter driving on dirt roads has made it a constant chore to spray and squeegee the window. Lack of battery pre-warming/preconditioning for fast charging, meant low kilowatt output. Was excited to test out 350kw Electrify America stations, disappointed to only get 50kw because the battery was cold in a February day below freezing temps. Phone key is only available on highest trim level, not my midrange SEL. Mehs Software UI seems like an early version 1.0, it gets the job done but I'm hoping for more features and conveniences in future updates (do they do this?). Route planner doesn't automatically add charge stations and notify you of time and stall availability.  Car auto unlocks upon approach but doesn't lock on departure (and sends you app alerts you forgot to lock it). Driver profiles don't auto select based on keyfob each driver has. Not exactly deal killers  but minor annoyances coming from a Tesla 3, which is super convenient for drivers and feature rich after years of regular updates. Tesla auto opens/closes garage door, no start/stop button, auto unlocks/locks, better route planner, etc etc. Edited for grammatical and spelling atrocities",278
tksecr,I love the Korean twins but I am really disappointed in how many manufacturers are treating using our phone as a key as a premium item and locking it behind trim levels and possibly worse; the only negative interaction I had with my Volt was OnStar - they are a plague on humanity.,72
tksecr,"Yeah Tesla has phone key on all trims, even base models.",33
tksecr,As does Mach E. Which is great considering they only gave me one damn fob...,13
tksecr,Thats on the dealer.,6
tksecr,"From my Kia EV6 app, they're basically bundling the phone as key with a subscription model with the first year free. Unless I've drastically misunderstood the paperwork they gave me, which is a distinct possibility.",18
tksecr,"I think maybe? I own an EV6 now and you definitely can’t use your phone as a key. You can lock and unlock, and set climate, but you definitely can’t get in and drive off without a fob. You also can’t control seat climate or heated wheel, which I REALLY hope they add in.",3
tksecr,"I appreciate you taking time to put this together. As for mileage, how close, in the various driving conditions, are you actually getting to the advertised range?",44
tksecr,"I've only charged to 100 percent for roadtrips, if you're referring to EPA mileage ratings. Didn't notice. It's winter and both the Hyundai and Tesla underachieve on range (by about 15 to 20 percent of navigation estimates), about equally which isn't unexpected in the cold (we're using the cabin heaters which are a big part of it). I can say I like that Hyundai UI makes it clear range without climate control and range with my current climate control settings (a graphic on the UI) and updates the ranges as you change settings (Tesla doesn't do this) and that's pretty neat. Also shows on UI affect on range of eco/normal/sport drive modes. The Hyundai has a heat pump, my 2019 Tesla doesn't. I had expected Hyundai to be better in winter range accordingly but haven't noticed much difference.",48
tksecr,"Thanks. I drive 200-250 miles round trip (about 1x per month), with limited charging at the destination, so a 300 mile range is attractive. But obviously more of a concern in winter. That climate control calculation would be nice. The rest of the time I drive maybe 10 miles a day. The PHEV seems like a better fit, but I like the idea of going all electric if possible.",15
tksecr,"My wife and I were initially torn on weather to go with one electric, then whether to get two electrics (without any gas car at all).  It comes down to what do you need in the majority of your travel?  Can an electric meet all of your daily needs? Can it meet that occasional long distance need? Certainly you can fast charge on the road for long distance on most routes (unless you're going to rural, remote scenic areas with low population).  Check yours, are their an opportunities to charge on route or at the destination? It's nice charging at home, not needing gas stations. Cheaper too.  Long term maintenance is nice, no oil changes, exhaust to rust out, emission sensors to fail. Electric cars use 1/3 the parts of ICE cars so a lot less things that can break. It's true electric cars have less range in winter, and that recharging stations are a lot less abundant than gas stations are. A recharge takes about 20 minutes, gas fills about 7 minutes.  Requires a bit more planning on roadtrips and caution to not overestimate how far you can go without a top off. It's livable and more stations are going up every year.",22
tksecr,"Very much agree with this! Spouse and I had a 2014 BEV i3. I got it for my husband for Christmas that year. He’d been dreaming of one, had always loved hybrid cars, and dreamed of an all electric vehicle. He kept eyeing this white i3 in the showroom, every time I’d bring my X5M in for anything. They couldn’t get rid of it, due to the short range of the first edition i3, but it was enough for us, for a second car. We both loved that vehicle, even with a ~70 mile range. Hated returning it at lease end. We went back to ICE cars for a few years, and then January 2021 we decided to both order BEV i3s models, before USA sales ended July 2021. We placed our orders beginning of February 2021, and took delivery of mine in April 2021, and his in May 2021. We get between 135 miles in winter, and around 170-180 miles in summer on a full charge, depending on climate usage. BMW does the battery protection built-in, meaning you can never 100% charge the battery, the software displays a 100% charge, but there is a buffer of 10-15% that doesn’t get charged, so as to protect the life of the battery. We ordered the cars with all options, and got them, right before the computer chip shortage affected car options, so they both have heat pumps. Ours, also, like yours, adjusts the GOM (guess o’meter) for miles to dead, as you turn on, and off various things in the car, all the way down to the heated seats. You can go to a screen in the iDrive, and it shows how many miles each item in use removes from your range, which is pretty cool. We don’t have the super fast charging the newer cars have. I believe ours top out at 50kw fast charging, and we get around 7.5kw with our 40Amp ChargePoint at home Charger. We tend to fly or do trains for travel, so getting to Boston or Providence were key for our range, and we can do both, easily. The 350 miles from where we live, to my hometown to see family, would be the only car trip we’d ever take. We do that maybe once every two years. According to the BMW App, which routes you through charging stations, to your destination, we could do the trip stopping twice to charge on the highway. It’s going on a year of being ALL EV at home, and we love it. We don’t miss gas stations, or the crazy gas price changes, and we definitely don’t miss the smell, and yuck of going to one. Just plug-in at home, and you’re always topped off! In dead of winter, when cost of having an EV is highest, the most we’ve paid at our current electric rates, to charge both vehicles combined in a month, is $72! It’s nice to read about someone else in New England who took the plunge for an all EV home. I wish more did. I think people would be surprised how easy, convenient, and stress free it is. I’m going, tomorrow, to test drive the new BMW iX. I’m either buying my i3 at lease end, or turning it in, and leasing an iX M! Congrats on your cars, sounds like an awesome duo!!",6
tksecr,"We have the Pacifica PHEV, which is great for hauling the kids, and around town driving, but it also alleviates the range fear, as we go to church 50 miles away. (We live in a rural area, and some of my long trips do take me deep into rural areas without charging infrastructure.) I'm planning to keep an old pick-up around just for this need, along with other truck needs.",6
tksecr,"Honestly, if you charge to 100% ahead of time, drive exactly the speed limit, and minimize use of climate controls, you should be able to make that trip easily enough. If you can charge at all at the destination, then it'll make it so you can speed a bit, and use climate controls more liberally.",2
tksecr,"The heat pump in my kia and hyundai tended to only assist the conventional heating for some unfathomable reason, i have to switch to a/c as the only heating to solely run the heat pump for heating. And it only works at like -3 celsius and below. No idea why it is configured like this.",4
tksecr,Interesting regarding the winter efficiency.   I'm of the opinion that the heat pump benefit is way overblown while adding a lot of cost/complexity.,2
tksecr,Your model 3 only drops 15% in winter?!!! At what temp? My 2020 M3 SR+ drops to 50% at -15 C to -20 C easily! The range is a joke in anything but perfect conditions,2
tksecr,Lots of variables of course. Using a 440 mile trip in winter with a day that started about 4 degrees F (-15C) as an example.  Looking at the multiple charging waypoint with the initial range estimate between them versus actual.,2
tksecr,"EPA 500km range is done at 15Kwh/100 km roughly.  I have averaged 20. Range is most important to me on a highway. I get about 24kwh/100 on the highway, so thats about 300 km of range. Thats around 110km/h. I was getting 200km range on my SR+ Even after driving for an hour on the highway I can't hit peak charging speeds.  theres no 'navigate to electrify canada' option. Best I have seen is 180kw.  faster than my tesla, currently cheaper as well.",4
tksecr,How is Ioniq 5 lane keep assist compared to Model 3 AP?,28
tksecr,"Hyundai's lane keep assist/pro pilot is competent and did well on a highway roadtrip even with varying line paint quality (from faded to fresh lines). Although, I needed to immediately and unexpectedly takeover at a construction zone, as it became confused (and UI didn't notify me it was confused). Whereas Tesla's shows its confidence  with lane marking brightness, gets a hint jittery with steering in unclear situations, and alerts that I must take over. So, I guess a lack of communication from car to driver there from Hyundai's system. Propilot feels like Tesla's was a few years back (it's good but could become better). Drove the Tesla through similar situations and it would have been fine through it without the takeover.  Tesla's has limits too, I watch it very closely on state routes and even backroads without lane markings (knowing it's only meant for highway) but it overall does well there.  I wouldn't attempt Hyundai's on backroads.",55
tksecr,Does it handle curved roads/highways?,7
tksecr,Seems fine with highway curves and hills in VT/NH.  Haven't tried it on state routes or backroads where those turns are a lot sharper.,11
tksecr,Thanks for your response. I have a Tesla model y and we may need to get a second car that I prefer it to be an EV. May I ask what is the pre-order process? Online or through a dealer?,4
tksecr,"Ioniq 5 was listed as standard dealer inventory car, multiple available at dealers in my local area. I initially called the dealer to verify they were available for purchase (as VW lists pre-ordered ID.4 cars as available inventory online even though they're not purchasable by anyone)  they were available to anyone, and another shipment of more cars was coming in several weeks time. So, drove down, test drove it, liked it, and bought it immediately. Actually hadn't planned on getting a second electric car now, but an at-fault bmw driver totalled our trusty Prius unexpectedly. So, not having to deal with pre-ordering or waiting many months helped us out tremendously.",15
tksecr,Yup it does quite well.,5
tksecr,"it can't handle sharp turns.  and it silently disengages. 6000+ km here, vancouver island.  malahat could be done 100% by SR+ and ioniq 5 would casually drive you into oncoming traffic, if you are going north. But you keep a hand on the steering wheel and guide it like youd do with a tesla and you wont fall out of the road. https://goo.gl/maps/BnoeW4UMF8zVdXnW8",3
tksecr,I used Hyundai's lane keep assist in a rental more than three years ago and it had the same issue with construction zones! Amazed they haven't improved that experience yet.,13
tksecr,"Thanks for the deets, it also matches what I’ve observed on test drives.",5
tksecr,"We are in the market for an Ioniq5, and I really want the Limited trim, and the green+2-tone green. But from what I can tell we’ll have to fly halfway across the country to buy one and drive it back. It’s also priced $4-5K above MSRP everywhere. We’ve never had a new car, and will likely keep this one for 10 years, so I think we’ll get the value out of the extra features.To your bullet point on the phone key, I really hope they can somehow enable iPhones through a software update.",9
tksecr,Wait the remote key only works on androids? If you have an iPhone you can’t use it?,10
tksecr,Correct. They'll likely release an app for iPhone in the near future I'd hope.,9
tksecr,"canadian, ioniq 5 and I have an app called bluelink (hyundai) on my iphone that does the remote climate/lock/etc",5
tksecr,Oh my god that’s insane!!,6
tksecr,Apparently it has to do with Apple having stricter requirements than Andriod to use that functionality.,2
tksecr,Tesla has had it for years?,2
tksecr,"Why is that ""insane""? It takes development time to produce apps and get them through Apple's bullshit onto the store. The car is basically just hitting markets, they have time before people will really be demanding this. It's just a key....",3
tksecr,"From the website: “Hyundai Digital Key
Your smartphone is the key to unlocking doors, starting your engine, and more. It even lets you share your IONIQ 5 with other drivers, just text them your available Digital Key” Only when you click into the fine print do you see anything about it being android only. Considering the iPhone currently has the largest market share in the United States, that’s incredibly deceptive.",8
tksecr,"You’re absolutely right on that: I found the webpage incredibly deceptive. For the US webpage, it at least  should say more prominently that it’s Android only. It’s even only for specific androids, but most new ones are on the list. Currently the official iPhone CarKey feature only works with 2022 BMWs.Supposedly Toyota and Hyundai and working on integrating it, but no idea when, and no idea if it will have back-porting/support for already sold/older model cars with NFC. That said, Hyundai (and most new cars) have a connected App which can lock, unlock, remote start from iPhone, just over the cloud. And for those you obviously need a phone with battery juice. The CarKey uses NFC and can even work after the phone dies.",3
tksecr,Car auto unlocks upon approach but doesn't lock on departure (and sends you app alerts you forgot to lock it) Sure it's on the correct setting? Usually cars my prevent auto-locking just in case you get out of the car and get locked out...,17
tksecr,"I've gone through the app and car settings and it's not there. Seen a few Ioniq 5 owners post the same complaint.  As a workaround, I touch the exterior driver's side door handle on exit, which locks all doors. Prefer automatic but have that habit now and it's workable.",20
tksecr,It’s the same for the EV6. Annoying but tapping the door isn’t terrible,6
tksecr,i owe you a large debt of gratitude op.  I have been fumbling for the fob for months.,5
tksecr,"I would prefer this. I always keep auto lock disabled on the few cars I had it on. Most were through an aftermarket alarm system, but current car has it built in.  I often get out of the car and partner stays inside.  The auto lock would cause us problems.  I prefer to do it manually. I also don’t have a need for the phone as key, as I feel like my phones were never reliable enough for that. Have switched from Android to iPhone 10 months ago, and must say, it is  much much more stable than my last Samsung s.   So, I might trust the iPhone as key. But, that isn’t even an option on the Ioniq5!",4
tksecr,"Is this a setting? god I hate the UX.  But I can fully push the door handle in, and it doesn't lock any of the doors! what am I missing? please save me!",2
tksecr,"When the Ioniq 5 is unlocked, the exterior door handles are extended outward. Have the key fob close in your pocket or purse. Lightly touch the handle on the left-hand side (closer to where the handle attaches to the car), the car beeps, door lock sound is audible and all handles close flush against the car. You don't want to push/force the handle closed.",3
tksecr,"ah, i was pushing on the handle to close the handle.  I guess it makes sense to have any electronic switches on the hinge side rather than the operating end.  thanks for taking the time! and honestly, game changer.  I hate fobs.",2
tksecr,"I do this, touch the door handle.  Saves some fob battery.",2
tksecr,It's one of the feature complaints for both Ioniq 5 and Kia EV6--no auto-lock upon exiting the vehicle.  Not a deal-breaker for sure but it would be a nice feature to have; not sure why Hyundai/Kia chose not to offer it in their two EVs.,7
tksecr,"I know most cars have had this feature for 10+ years now. Best I can figure is ""we can release it later, so we will"" the whole minimal viable product (MVP) release cycle with subsequent enhancement planned down the road to add it.",4
tksecr,"My ID3 has the same issue, which is why I disabled automatic unlocking since I walk past my car on a regular basis and that would constantly unlock it unintentionally, with no way to do lock it remotely (the shitty app doesn't even show the status). It still unlocks when I put my hand in the handle, so I don't really lose anything.",7
tksecr,"Ioniq 5 at least auto locks if you walk away after an auto unlock, so that's not an issue. The automatic locking only disables if you manually unlock the car or open doors. Edit: Maybe it even auto locks when manually unlocking, if you don't open the doors. I keep my charging cable in the back seat, and sometimes get annoyed when the doors lock between disconnecting the cable and opening the door...",2
tksecr,"Did the same with my I5 Limited, turned off auto unlock due to unlocking too much.",2
tksecr,"Vehicle to grid is interesting, have to explore it in the future, even as just a home generator for power outages. Make sure you have a traditional grid-disconnect with a hard switch that completely disables grid connection either manually or through software that is officially approved for the purpose. Keep in mind that in US models it only puts out as much power as like a 12amp circuit because the inverter in it is a bit smaller. Something like the F-150 Lightning is purpose built for pushing back 30-40A because it has a bigger inverter as a gimmick specifically for back up power. I would recommend my set up: 2 Ecoflow Delta Pro batteries with a shared voltage hub for 240v, 30A generator circuit. When the batteries empty, you can take them to an EV charging station that will more than likely have power still and charge them up. Failing that, you can slowly charge them from the car via the V2L. They take a few hours to charge, but it's basically the same thing.Here is the delta proand I would suggest having an additional battery, but that might be out of your budget. I got in on the kickstarter for these batteries, so I got them at $2700.",7
tksecr,"Very helpful, thanks for the details!",3
tksecr,What do you mean by phone key?,4
tksecr,"Hyundai offers a phone key feature, where you don't need to have their car keyfob with you to lock/unlock or drive.  Rather your cellphone becomes the key when Bluetooth paired to the car.  Tesla does the same.",12
tksecr,Ooh interesting. Cool feature but I'd be so afraid to be locked out of my car if my phone battery dies lol.,9
tksecr,I came across a Tesla driver in the mall parking lot who needed to charge his phone in my car to get into his car. That's gotta SUCK if your phone dies.,14
tksecr,Tesla also has a credit card sized key card that every tesla owner should carry in their wallet.,17
tksecr,"Yes, I always keep the Tesla NFC key card within my wallet for emergencies. It's credit card sized. I love Tesla but they can be clunky sometimes with software. I've used that key card when my phone unexpectedly won't pair with the car.  Sometimes it's because my Tesla Android phone app auto updated, now I must open that tesla  app once in it's new version before it pairs. My wife's iphone Tesla app sometimes is temperamental at times too. First world problems to moan and piss that I gotta get my wallet out, pull out a key card, press it against the b-pillar, and press it against the front cupholder sensor to drive.  Or futz with my Bluetooth on my phone.  Tech is great but isn't 100 percent reliable",10
tksecr,"Agree about how it randomly doesn’t work. But for me, it’s only been at home. Generally opening the app is enough to restablish connection.",3
tksecr,"They give you 2 keycards when you get the car. To go anywhere without them is completely his fault and not a shortcoming of the car itself. Just throw them in your wallet/purse/handbag and forget about it. The phone key is just a nice, convenient feature of the car, but it’s not a perfect solution in 100% of situations. Just have the backup with you in case your phone dies",7
tksecr,Didn't know this! Guy should have carried his card I guess!,3
tksecr,"I mean it would work with a 5-minute 2% phone recharge, but also yeah why wouldn’t they keep the keycard in their wallet or under their phone case in that situation.",5
tksecr,Holy cow that's kinda beyond sad lol.,3
tksecr,"Yes, this is the biggest reason I hate my tesla...you need either a stupid mobile phone or that damn card...  You'd think a $65K car would come with a freaking fob...nope!  stupid tesla.  Not buying that fucking fob...",2
tksecr,"Nobody beats Ford's combo of their decades old tradition of keypad on the B pillar letting you punch a code to get n your car,  and then if it is the Mach E, there is an option to punch code in to start the car,  so you don't need a keyfob OR phone OR NFC card to get in and drive.",3
tksecr,"Usually these use NFC and will work even when the phone is dead; not 100% though. Also they give you a flat plastic (credit sized) card that does the same thing, so if you keep that in your wallet or under your phone case, it would be about the same thing or a backup, and never dies.Unfortunately the Hyundai/Kia implementation of carKey only supports android for now; I don’t know all the details on it.",5
tksecr,I’ve heard very mixed reviews of these digital key implementations. The ones that rely on a cell phone connection to work can be quite dodgy.,2
tksecr,Driver profiles don't auto select based on keyfob each driver has I thought only the Limited trim has driver profiles? It would make sense why this isn't the case for an SEL if so.,3
tksecr,"There's individual driver profiles on the SEL. I have one profile for me and a second for my wife. You can set one profile as the default used (for whomever drives it the most). When you start the car the driver profiles list auto displays on the touchscreen, and you can select the other, if needed. It's workable, but a minor annoyance. I mean Hyundai I paired two cellphones and pair two keyfobs, and associated them with profiles, you should know, easy software update fix",7
tksecr,"Nice, glad I was wrong there because that seemed like a really dumb limitation to only have on the top trim.",2
tksecr,"Note that while driver profiles exist in all the trims, memory seat positions are only in the top trim.",5
tksecr,Ooh that is what I was thinking of. Yes I still think that's a bit ridiculous to tie to limited trim only,2
tksecr,"What’s covered as part of the driver profile?
Seats?
Side mirrors?
Software settings like regen strength?
Steering wheel?
Climate?",2
tksecr,"Do you think it would be possible to get an aftermarket spoiler that covers the back windshield? I guess that would likely kill the aerodynamics. Have you tried a Rain-X type product on the rear windshield?I see you answered this below.The no-wiper is one of the biggest common complaints I’ve seen. Oddly on my Subaru, while it’s nice to have, that wiper falls apart every 4 months due to it getting full sun; so it doesn’t seem a huge loss to me, except the Impreza has a much steeper slope than the Ioniq.",4
tksecr,"My Tesla 3 also lacks a rear wiper blade, but due to the angle and aerodynamics, it never gets dirty.  The Ioniq 5 aerodynamics just sucks dirt and road salt onto the rear window, like a magnet. Oddly enough, Tesla 3 rearview camera is always dirty and unusable. But Hyundai rear camera is never dirty. A workaround I guess haha",10
tksecr,"The camera would be a workaround if you could view it while driving, like you can in the Tesla. Unfortunately, it can only be shown in reverse and at very low speeds in forward.",5
tksecr,"What's even weirder is that if you approach the car to make it auto-unlock and then walk away, itwillauto-lock. It just doesn't auto-lock in the situation where you'd usually want it.",4
tksecr,they might be ten years away.  I don't know how quickly they iterate.,4
tksecr,"We had a Hyundai Ioniq prior to getting a Volvo XC40 recharge. The worse thing about it was the lack of a rear windshield wiper. Absolutely infuriating experience. Made it hard to want to get another Hyundai, honestly. Like they’re not expensive. Just put the damned thing on the car as a standard thing.",5
tksecr,Is the heat pump only on the limited? Thought all AWD models had it?,3
tksecr,"Can you please clarify in which driving situations you believe battery pre-preconditioning might have been useful? Usually if you are less than 30 minutes from a DC charging, the car doesn't have time to significantly heat the battery to make a difference. If you are within 30-60 minutes from a DC charging, the car will usually heat the battery only by driving, preconditioning will only marginally help.",3
tksecr,"Preconditioning only matters for roadtrips.  99.9 percent of the time you charge at home, overnight while you're sleeping and preconditioning is totally irrelevant.  As it can take 2 or 7 hours to charge and I'm none-the-wiser. Yes, as a Tesla owner, preconditioning happens when you have a supercharger set as a waypoint in navigation on a long road trip. The car automatically heats/cools the battery so it's at the optimum temperature when you arrive (software handles when to start precharging to be ready when you arrive) for the fastest possible charge rate in kw.  Otherwise a 15 minutes charge takes 35 minutes due to a cold battery, due to getting only a percentage of the chargers capacity in kw. My roadtrip consisted of two charge stops to get to my destination, 1st I only got 50kw, 2nd fast charge I got 120kw as the battery had warmed up some.  The charger and car was 350kw capable, so disappointed I got the slow drip.",7
tksecr,My experience with the Tesla and other EVs is preconditioning is marginally useful. How long was your drive from the departure location and the first stop where you charged at 50kw?,2
tksecr,"It depends on the exterior temperature.  If the car is sitting in a hotel parking lot overnight and is 5C or below it will take a long, long time to come up to temperature by just driving.  Ideal charging temps are around 45-50C for Tesla 3/Y, I assume it's about the same for the Ioniq 5. Charging at 50kw vs 200kW makes a huge difference on a road trip.  I personally won't consider an Ioniq 5 until it has some form of preconditioning available (manual or automatic).  Luckily I've heard rumors it's coming soon.",6
tksecr,"According to Bjorn's test of the EV6 in winter, the car won't charge faster than 70 kw or so until the battery temperature hits 20C, at which point charging suited jumps to about 125kw. When the battery temp hits 25C, the EV6 was able to charge at 200kw.",3
tksecr,"That's pretty wild!  I'll have to go back and check my data for Tesla, but I don't think it will pull 200kW at 25c.  Might be related to the amount of current with 400v vs 800v or the battery chemistry (I believe Hyundai is using high nickel content).",3
tksecr,"The odd thing is that in winter, driving the EV6 did not heat up the battery much at all. He drove at a steady 70 mph until the battery got down to like 25%, plugged into a faster charger, and the battery temperature was only 13C, so he had to charge for a few minutes at 70 kw until it 15C, at which point it starts charging around 100 kw, and only after 15 minutes of charging does batt temperature get to 20C, and charging speed bumps up to 125 kw.",3
tksecr,"I was 125 ish miles to the first charging waypoint?  It was a cold 20 degree day and we weren't confident we could reach the next charge station at near the car's estimated max range without stopping.  Dear wife refused to turn off the climate and rely on seat heaters only haha, so, didn't risk it.",2
tksecr,"Do you know what was the battery temperature? I'm surprised that by driving 2 hours ish, the battery wasn't warm up to charge at more than 50kw. To me it sounds like an issue with the charger, not a battery temperature. My experience is that by driving 30 to 60 minutes, depending on ambient temperature, the battery should reach good enough temperature to charge at max speed without preconditioning. Preconditioning would only marginally help and increase the temperature by couple of degrees.",3
tksecr,"Judging by other posts I've read on/r/Ioniq5, OP's complaint is quite common. In cold weather, driving at freeway speeds isn't enough to keep the battery warm enough to accept faster charge (>100kW) for some reason.",4
tksecr,"Unfortunately, I don't have any app or port scanner to get more information on the pack's internal temperature at arrival at the fast charger. The car UI doesn't give you detailed information either.  I'd agree it should have been warm enough after 2 hours of driving. It was highway and moving at those speeds, which should have been significant load on the battery which produces heat. Not enough I guess.",2
tksecr,"It's possible the charger was not pushing that much current depending on how many other vehicles are at the station. Real world charge rates of 220kw have been recorded for the E-GMP platform, which the Ioniq 5 and Kia EV6 share.",2
tksecr,"I blame temperature predominantly. The 1st charger was empty, only me and only got 50 kw. The second charger had all stalls full and got 120kw. Does the every-other-stall rule of tesla-world apply to other networks? Best speed that way for superchargers. Whereas two cars charging next to each other splits the kw capacity of that charger.",3
tksecr,"Does the every-other-stall rule of tesla-world apply to other networks It depends largely on the installation. Tesla is probably installing all of them similarly where there are dozens of companies installing other charging stations and could be doing it in dozens of different ways. Could also be a cold battery, but throttling to 50kw seems suspiciously like the charger was broken or only able to put out 50kw.",3
tksecr,"Driving with a cold battery results in lower efficiency.  Starting your drive with it already warmed delivers higher efficiency, which in turn results in greater range available.",2
tksecr,"excited to test out 350kwh Electrify America stations, disappointed to only get 50kwh 350 kWh and 50 kWh are quantities 350 kW and 50 kW are rates",12
tksecr,"Appreciate the review, though I have to give you a little grief about using “kWh” when you really meant “kW” every single time :p",7
tksecr,Haha I guess I'm/r/confidentlyincorrectand consistent...oops thanks.,14
tksecr,"Lack of battery pre-warming/preconditioning for fast charging, meant low kilowatt output. Was excited to test out 350kw Electrify America stations, disappointed to only get 50kw because the battery was cold in a February day below freezing temps. Had no idea it could make that much of a difference. That’s really a bummer to hear.",2
tksecr,"It really is a shame they didn't put in a rear windshield wiper. Like really, any hatch back should have one, don't try to reinvent it! And can you imagine how much money or time they saved? Like a few bucks, few minutes of installation... It's pretty silly. Great car otherwise and great review!",2
tksecr,"Wow the lack of preconditioning seems like a big deal. I sort of take it for granted in my Tesla but I'd be pretty pissed if I got to a high output charger and... couldn't use it. For me in the midwest, that's like half the year I _need_ preconditioning.",30
tksecr,"I know it's an important feature, surprised cars are initially released without it. Hope the manufacturers do update them with it soon. Remember, preconditioning also cools the battery via AC, if it's too hot on an August day (long drive gears battery too especially in summer). So, it applies both winter and summer.",15
tksecr,It’s coming in an update likely during the summer,7
tksecr,"Preconditioning is not all great. It can be helpful, it can also be detrimental to your charging. It's kind of a lot of energy that is wasted (for example when you are not needing to charge at full speed because you do have the time, or when the charger itself is slow).",2
tksecr,The lack of rear windshield wiper is the only thing that makes me apprehensive about this car. Have you tried using Rain-X on the back window to help?,26
tksecr,"Not yet. I've seen the recommendation a few times  before, so should at least get it and try at least.",14
tksecr,FYI for you and everyone reading this thread - apparently Turtle Wax is the way to go:https://www.youtube.com/watch?v=TysvWwToKfY,20
tksecr,RainX is amazing with rain it’s extremely hydrophobic.  But if what you’re concerned about is dirt roads when it’s rain mixed with mud on the back window it may not be as effective.  Definitely give it a try though. Also can I ask how was your purchasing experience? Did they Jack it up significantly over MSRP?,8
tksecr,"It was listed online for MSRP, salesman said MSRP, no troubles or hassle as that's what I paid.",11
tksecr,"Cool, thanks",3
tksecr,"I love rain x and apply it all the time but I found it won’t stick to some windows like they had some kinda build up on it. I’ve had to clay towel the windows and in one case use griots garage window polish, that was on my model 3.",2
tksecr,Thanks for taking the time to answer all these questions.,3
tksecr,"The list of new/upcoming SUV/hatchback types without a rear wiper is indeed troubling. Model Y, Volvo C40, the Toyobaru twins (bZ4X/Solterra), just to name a few.",4
tksecr,"It makes sense for them. They can save on manufacturing (less parts), save on maintenance forecast (no rear wiper to replace), and most importantly the average buyer doesn't seem to care. I love the wiper on the back of my Golf, hatchbacks collect a ton of crap on the rear.",6
tksecr,"The first two are more coupe shaped and those rarely have wipers. Time will tell whether the Toyobarus have an issue - the rear design looks similar to the EV6 which copes fine with no wiper, it's only really the Ioniq 5 and its regular hatchback shape that makes it a problem.",1
tksecr,"Battery pre heating is coming this year, just fyi",42
tksecr,It doesn't require new hardware?,13
tksecr,"No, should be software update",23
tksecr,It requires the heat pump. So if your Ioniq doesn’t have it it won’t work. Most trims have it tho.,16
tksecr,My trim has the heat pump. My AWD has it standard.,13
tksecr,"Then it probably is the software. Something needs to tell the car to keep the battery bank warm.  The energy cost of keeping the battery at ambient temperature is worth more than the loss from the heating element,  and I have a 12 year old car that knows this, by cycling coolant even when the car is off.",2
tksecr,Not for the US Model. Only lower trims EU models might not get it,2
tksecr,"Having owned a Kona EV I swore I wouldn’t buy another DCFC capable car without battery pre-heating, as it makes such a difference for charging. And as someone who lived in Vermont (and NH, and Maine), the idea of a hatchback without a rear wiper is so ridiculous to me. But once those two points get addressed, this would be a seriously tempting vehicle.",12
tksecr,Hyundai has said it's coming via a software update in the first half of this year,2
tksecr,"The only thing I don't like about the ioniq is the tail lights, every time I look at this car I want one more and more, it looks awesome.",9
tksecr,"It's certainly unique, love it or hate it. I like the pixel themed taillights and retro front headlights, my dear wife thinks the styling is uglyshrug. I know Tesla 3 look was initially polarizing too at first blush but I think it's grown on people. Before electrics we owned dual Priuses, which were a bit goofy in some aspects too haha.",13
tksecr,"Pretty much everyone I know absolutely loved(loves) the M3 look but there just so many now no one bats an eye at it and it. This has its own unique look that I can already see people like in my area, can't wait until I see one everyday!",6
tksecr,"I love the front and rear ends of the Ioniq5 - Hyundai have done a great job there. The side profile is a bit ordinary in my opinion. I’ve seen a few in the wild now and it’s a handsome car, but maybe slightly boxy for me. 
I do prefer the Ioniq5 to the Tesla M3, though. Even before they became as rare and as special as a Ford Focus, I never saw the appeal of the duckbill front end or the ‘slightly melted’ soft lines. They always remind me of cars from the 90s.",2
tksecr,"Agree on the slightly boxy look, I guess it's the whole retro thing they're going for. If you squint the side profile  kind of reminds me of the old 1980's vws, like golf or rabbit, only super-sized (Ioniq 5 is big compared to those ). In a nostalgic kind of way haha.",2
tksecr,The super boxy 80s hatchback style actually reminds me of a Lancia delta.,3
tksecr,Yes - a bit like a 90s Golf I guess. Still a great car in any case. Just not the style I typically go for.,2
tksecr,Yes - a bit like a 90s Golf I guess. Still a great car in any case. Just not the style I typically go for.,2
tksecr,Same.,3
tksecr,"Another thing of note that surprised me.  Hyundai's car app is free for the first two years. After which, you need to pay a subscription to continue using their car app.  You could pay for all or 3 individual parts of the app. Given the car exclusively uses cellular. No connection to your home wifi.  Maybe it's covering their charges for cellular?",11
tksecr,"Oops 3 years free ""What are the Bluelink packages, and how much do they cost? Do you offer à la carte features?⁠"" ""Remote access with seamless connectivity
Bluelink® Connected Car Service Complimentary for 3 years "" ""There are three Bluelink packages: Connected Care, Remote and Guidance. After the trial period is over, each package is available for $99/year."" https://www.hyundaiusa.com/us/en/blue-link",2
tksecr,Sorry total noob with electric cars here so pardon the stupid questions. So what happens after the free subscription expires? If it's exclusively cellular (which I don't like) do you lose any car connectivity if you don't subscribe or just the phone app features? How does that compare to Tesla's (or others) offering?,2
tksecr,Thank you for the detailed review. I've had a Mach E for the last year and thinking of a 2nd EV. This one is high on the list to consider. Your thoughts help.,9
tksecr,"Sure no problem, glad to be helpful. Definitely get a butt in a seat and see if you like it.  I tried out several electrics (VW id4, leaf) before deciding.  I always recommend trying comparables and see which feels right.",6
tksecr,What one do you like better?,4
tksecr,"Pros and cons to each. The Tesla is definitely quicker in acceleration and feels sportier in everyday driving, it's a fun drivers car. Software wise, Tesla's is more mature and simpler (phone key, auto open/close garage door, auto headlights, auto wipers, better auto drive, better route planning, no start/stop, superchargers more convenient on roadtrips). Hyundai Ioniq 5 is a lot roomier, and easier for friends and family to get in and out of.  If you're tall then you need a safety helmet getting in/out of the Tesla 3's  front/back seat, backseat leg room is more limited, and backseat less comfortable. Hyundai has more ground clearance and has a tow package, so we'll use it for hauling small trailers. Maybe Tesla model Y versus Ioniq 5 would be a fairer comparison? As both are SUVs.",11
tksecr,"We're taking delivery of the Ioniq 5 on 4/9 and Model Y on ... who knows at this point (right now app says June, but it's been as delayed as Oct before). I'm super excited to compare the two :). Based on reviews, the Ioniq 5 is just as quick to 60 as the MY LR (without performance boost) - both hitting around 4.8s even though the Ioniq 5 is listed at 5.2. I think the same considerations apply in terms of what Tesla isnotknown for - i.e. ride quality on the Ioniq 5 should be better. The Model Y should have more cargo space (bigger frunk, more rear cargo room), but I suspect the Ioniq 5 might be better for passengers. One thing though - since we're getting the Limited (more comparable in price to Model Y, yet still about $10k cheaper if you include the $7500 tax credit), there are a few things that are notably missing from Tesla's offering - 360 camera, blind spot monitor, AR HUD, etc.",4
tksecr,"The Ioniq 5 is noticably quieter inside. I have an early built (oct 2019) AWD Tesla 3 early out of the factory, heard they added more body insulation later on. Ioniq is bouncier going over frost heaves, ruts and other dirt road features. Maybe due to the extra weight and height. The driving mechanics, Tesla drives and handles like a BMW (I owned one a while back), quick, responsive, and a little harsher on the ride. Ioniq drives more like our Prius, it's more appliance like and less responsive with feedback to the driver. I do keep Ioniq 5 in eco mode by default, it is a bit preppier in power mode. The 3 feels faster. Tesla's frunk is bigger and usable space. Ioniq 5 hood has a lot of equipment under it, with only a small container inside for your emergency charging cable. Yes we love the blindspot monitoring on Ioniq 5, mirror lights and in the main display.  That's helpful and cool. Ioniq has a roomy back area, more so with seats folded down. Easier hauling garbage and recycling to our local transfer station in Ioniq 5. Rural problems, no curbside pickup.",2
tksecr,The lack of a rear windshield wiper is infuriating. Winter driving on dirt roads has made it a constant chore to spray and squeegee the window. This is what I've been fearing. Nordic winters tend to get cars really dirty.,4
tksecr,"We're northern USA-Vermont on country dirt roads. Maybe not as rough as your Nordic winters, but snow here on the ground from December to the end of March (with evanescent snow possible a month or before/after). Car's always dirty.",1
tksecr,Here’s my review: it’s fucking awesome. TLDR: Fucking awesome.,7
tksecr,"I don't know about the iconic 5 but I have a 2021 kona. The car is nice, but I question a company who knowingly sells a new car to a customer while knowing beforehand the car is the subject of a serious recall, yet never mentions this to the customer. Their ethics seem worth questioning. With just 5000 miles on it my engine has gone through 6 quarts of oil and knocks loud enough to turn heads on the street, yet they still want me to drive it another thousand miles and do an oil consumption test before they will consider fixing it. Imagine buying a new car and being embarrassed to drive it and always tense,, waiting for the motor to blow.",4
tksecr,I question a company who knowingly sells a new car to a customer while knowing beforehand the car is the subject of a serious recall Isn't that on the dealer rather than the manufacturer?,3
tksecr,"Personally, I just really think side profile is sexy as hell. It is also deceptively bigger than I expected, I was surprised at the girth when parked next to the 3.",2
tksecr,Yeah it's noticably taller and wider than the 3. My fav is the Ioniq 5 side profile by far.,3
tksecr,Amazing seeing the differences in interior A-pillar size and design between the M3 and HI5,2
tksecr,"holy cow, the Ioniq 5 looks bigger than the M3",2
tksecr,Are you charging at home? How much $ and how long for a full charge? My daughter recently asked me this and I'm trying to get real world data - thanks.,2
tksecr,"Yes, I predominantly charge at home. Most EV owners have a 240/220v charger at 50 Amps (or similar). The car charges overnight everyday when I sleep and is always fully charged when I wake up.  How long it takes to fully home charge varies a lot depending on how low the battery is. Generally it's a couple hours, and sometimes 4 hours if I've nearly emptied it.  On roadtrips, fast charging is 10 to 25 minutes but more expensive (up to $0.44 a kw versus $0.11 a kw at home charging). My monthly electric bill went up a fairly consistent $55 USD after getting an electric car, costing us a little less than half what our Toyota Prius did for gasoline. EPA says annual fuel costs are $650.00 for Hyundai Ioniq 5 EV, $1,250.00 for Toyota Prius hybrid, and $2,500.00 for an all gas Toyota Camry. Lifetime maintenance costs are also significantly lower with EVs.  EVs are more expensive at initial purchase but those other factors all lower the long-term total costs of ownership",3
tksecr,Thank you very much.,2
tksecr,Damn! I had no idea how the sizes compare between the Ioniq 5 and the Model 3. The Ionic is deceptively big.,2
tksecr,"Surprised you didn’t mention one pedal driving at all. From what I understand this resets on the Ioniq every time you turn the car off and you have to use the paddles to adjust the sensitivity of regen breaking? Personally, this would drive me nuts compared to driving a M3.",2
tksecr,"It's winter, I have regen set low due to snow traction.  Haven't noticed.  Usually do have regen set high for one pedal in the warmer months.",1
tksecr,"Funny. The rear wiper is a meh to me. Otherwise, I’ll say this is a solid review.",2
tksecr,What was the out the door price?    Good looking car.   Thanks for the review.,2
tksecr,MSRP for a Hyundai Ioniq 5 SEL. No mark-up.,2
tksecr,Thanks.  I'm glad there is no mark-up.  I'm shopping.,2
tksecr,How is the black on black for heat? Its clearly cold where you live - have you had warm sun filled days and had a feel for how hot it gets inside?,2
tksecr,"My Tesla is dark grey with black interior, will comment on that as it's been through several summers with us (Hyundai hasn't seen summer yet).  Black seats do get very hot in the direct sun, not an issue for me with baggy, knee-length guy shorts. Dear wife and her tiny lady shorts hates the seat's being hot (skin against that is ouch). So, she'll throw an extra beach towel over her seat before we leave it in the sun.  Was the same with other cars we've previously owned with black leatherette interior, it just turns into an oven on hot summer's days.",1
tksecr,I wish our garage was a neat and organized.,2
tksecr,"It's not, the clutter is behind the cars and along the walls, cleverly out of view as any good photographer does ;-)",3
tksecr,Haha. The only way we conceal our clutter in our 2 car garage that only has enough room for 1 car is to close the garage door ;),2
tksecr,Fellow Vermonter - saw that pic and said oh shit... that car is definitely in Vermont. Super helpful review w/ dirt roads etc.,2
tksecr,"Hello neighbor, glad you found it helpful. Yeah the ground clearance is good for mudseason and water-bars in driveways, good head clearance for potholes, AWD and stock tires did well. Likely get some snow tires before next winter though better than finding a ditch somewhere without cellular reception!",2
tksecr,"I have this same car combo (except the colors on both of mine are different, and my Hyundai is an SE AWD). I just got the Hyundai, but so far my Mehs are that the backup camera stays on until the car hits 7mph (instead of switching off when the car is put in drive). And the door handles protrude when the car is unlocked, no matter how long the car is off/unlocked. I don’t always lock my car, so I feel like the way the handles stick out makes it seem more inviting to just open up the door.",2
tksecr,"any trouble w the 12v battery? here in Europe, thats a common error that th 12v discharges often on these models",2
tksecr,"I've only had the Hyundai Ioniq 5 for a month, so no troubles with the 12 volt yet haha. No troubles with the Tesla model 3's 12v battery either, had it for 2.5 ish years now. Prius 12 volts seemed to last 5 years and not a day longer, all of that on/off engine hybrid stuff, with battery load for lights, accessories etc beat it up.",1
tksecr,My dude it’s not because it’s written 350kW on the EA charger that it’ll deliver that speed. The best way (I found) was to check on the EA app. I noticed that some chargers were labeled 350kW but on the app they were really 50kW,2
tksecr,No - he is right. Many people have independently discovered that the Ioniq 5 will limit charging to around 50kW if the battery is cold. You only get the 240 kW charging when the temp reaches around 50F.,2
tksecr,"Do you need a phone for this car?  I plan to ditch my phone....lived without a phone for 8 years....forced to have one, now I think I can ditch that again....I hate mobile phones.  The biggest reason I hate my tesla.",2
tksecr,"The Hyundai comes with a pair of key fobs, which is all you need to operate it (much like most internal combustion cars do).  The highest level trim has a phone-key option, however, there's still key fobs. The Tesla's do ship with a pair of credit card sized keys you can use. A phone isn't essential. I keep the credit card key in my wallet as a backup just Incase my phone battery goes dead or I losey phone.",1
tksecr,"Thanks for the info. I'm glad to hear the Hyundai has a key fob. I have the M3LR, and could go on about how much I hate this car.  I'm selling it for the ioniq5.",2
tksecr,"Thanks for the post and after reading through a lot of the thread, I'm as on-the-fence as ever about going electric right now.  Damnit",2
tksecr,"If you're considering an electric car, I'd ask can you get a 220/240 volt outlet wired to your garage or parking spot(absolutely essential)? How often do you do long distance (300+ mile each way) roadtrips and to where?  Ordinary home is your charging station, and you can easily do commutes and weekend day trips without charging anywhere else. Roadtrips mean a charger every 100 miles or so, important to check your frequent road trip routes for charging access (to family, fun, etc). Most routes can accommodate EVs, but if you're going to remote, rural, unpopulated areas there might be large deserts without options. If you're staying at a hotel, a growing number allow overnight charging there.  It's a bit more complex than gas, requiring more forethought and planning for long distance.  Tesla is by far the easiest on roadtrips, Hyundai harder. If you infrequently so long distance roadtrips this isn't much of a concern. Can an electric do 90 percent of your needs? How long do you plan to keep your car?  Electric cars have a high purchase price, and it takes a number of years for reduced fuel costs and maintenance costs to offset it and realize savings.",1
tksecr,What range are you getting? Your review needs more information.,2
tksecr,"I've only charged the car to 100 percent a few times for roadtrips.  Max range is seldom needed, and not good for battery longevity. I only charge to 80 percent.   Range varies depending on speed and climate control usage. Driving 55mph and below without climate control, and fully charged it said 367 miles range.  Drive in the highway at high speeds and you're not going to get 300 miles, more like 260-something.  Aerodynamic drag becomes exponentially worse as you go faster, more energy required to go that same mile distance.  Range estimate updates a lot, turn on/off ac or heat and it moves. At least the car is good at explaining why range went down, climate changes",2
tksecr,"That's where Tesla shines, it's the charging infrastructure. Just plug in and charge, battery will preheat for fast cold charge, and the route planning with available charges.",7
tksecr,"Haha you have to pay for Tesla's supercharging though!  2 years free of Electrify America 350kwh and 2 years free of ChargePoint is nice with the Hyundai. Yes, Tesla's is simple and fast. Car nav auto routes chargers, tells you about open/occupied/broken stalls. Stop at charger. Press button on charger cable end to automatically open ypur car's charge door. Plug in and wait. There's no need to open an app, no charging stall lcd screen, no RFID to scan, no phone NFC necessary. Charger knows the vehicle vin, knows my credit card info, etc etc.  Most of the Tesla superchargers near me are 150kwk stations, so Electrify America's 350kwh seemed exciting! Whereas I had to signup for Electrify America, ChargePoint, get separate apps, enter different redeem codes, enter my creditcard (first time use problems, should be easier therafter on an ongoing basis).  Charging stations felt clunky/buggy.  Tried both stall UI and app UI a couple times until it finally worked. They worked, got the charge done, bur",19
tksecr,How'd you get 2 years free with Charge Point?,2
tksecr,"It was in the bundles of manuals that were in the glovebox, free Sirius radio trial, ChargePoint 2 years free. Dealer's supposed to give you 2 years free for Electrify America as well.",3
tksecr,Yep we got the Sirius radio and the EA stuff just didn't spot anything with ChargePoint.  I'll double check my stuff as I've got a good number of them around and squeezing out free charging from them would be nice. Thanks!,2
tksecr,Most new EVs coming out have all those features except for the preconditioning for faster charging in the cold (at least my Mach e does and I know others do as well). Hopefully we get the preconditioning bit via OTA before next winter,5
tksecr,Are there any non-teslas that precondition for faster charging?,4
tksecr,"Yes, the Porsche Taycan does.  You just have to input your charging destination into the nav system and it will precondition.",5
tksecr,"None to my knowledge. I nerded out with a VW ID.4 driver at an Electrify America charger (he has an IBD port connection to his phone and had detailed info on his pack temperature with an app) he complained about the lack of preconditioning with me. Said VW was supposed to over the air update with preconditioning for months now and it keeps getting pushed back. Said best you can do is gun it and break hard repeatedly to warm up the battery, which isn't great for the hardware.",3
tksecr,Lucid does as well,4
tksecr,"Ahh, makes sense, thanks for the info.  I guess if I paid 100K+ for a car, I'd expect it to have that too.  Thecar and driver reviewsays that mercedes EQS can precondition as well.  So I guess it's just the ""affordable"" EVs that lack it.  It will be curious to see if it gets added to any of the cars I mentioned earlier in an OTA, especially since they all have battery systems that can heat themselves anyway",5
tksecr,Polestar does also,2
tksecr,"Ahhh, I always forget about polestar! I wish they had a presence around me but my nearest ""Polestar Space"" is 4 hours away",2
1rpq5f7,"Almost 4 years with an EV now. Let’s put it this way, I didn’t even know about the petrol crisis until this afternoon.",40
1rpq5f7,I don’t know of anyone who has bought and EV and regrets it,24
1rpq5f7,I’m literally waiting on one of my cars to die to give me a reason to buy an EV,15
1rpq5f7,Our only regret is not buying earlier. If you need to replace your car and you can charge at home on off peak EV energy plans then going for an EVs can save you a lot of $$.,32
1rpq5f7,We are about to replace my wife's Q7 with an EV.  Given that we have an abundance of solar and almost exclusively drive around town it will take her several years to spend a single fill up worth in the Q7.,8
1rpq5f7,"17 months and 50,000km in and I still look forward to driving it.  last car I enjoyed this much was an Alfa 147 in the early 2000's Would never buy a internal combustion car again. It's a nicer drive and as cheap as chips to run. I had a petrol hire car (t-cross) a few weeks back while the EV was in for some body works. For 700km over a week of running it cost me $70 to fill up.  The EV can do 6,000km for the same dollar figure which for me is around 2 months of driving. I did 35,000km in a 12 month period and it cost me 4.5k to run the car.  that's rego, insurance, electricity, tyres and servicing.  $620 of that was my electricity, total home plus public charging The wife did 45,000km in her X-Trail in the same time and it cost $13,500 of which petrol making up $7,780 alone. my only regret is that I'm not in a position right now to replace my wife's car with an EV. If you have a driveway and are looking for a new car and there are EV options available in the segment you're looking in you'd be nuts not to at least have a look.",13
1rpq5f7,No regrets but I do look at car ads and think about a more involving weekend car,7
1rpq5f7,"I bought and no regrets, charging from 0-100% costs about $4-$5 for me. Then again, im not much of a car guy, so you might find the silence etc boring/not fun. The instant torque is pretty fun tho.",7
1rpq5f7,I'm definitely a car guy it's an EVs like the Ioniq 6N that will put my arse in an EV.  The money I save not buying petrol will go into paying for tyres.,2
1rpq5f7,"I am a car guy, if petrol stays like this maybe an EV as a daily might be on the cards, save the petrol for noisy fun driving",1
1rpq5f7,We need to divorce ourself from foreign oil,6
1rpq5f7,No. Have been driving electric for years and are onto our third plug in car.,5
1rpq5f7,Best thing I ever did. Mine is 7 years old and been the easiest and cheapest car to run I have ever owned. 0-100 in under 4 sec never ever gets boring either.,7
1rpq5f7,How’s the battery’s health after 7 years of usage? Like does the range of km it covers been reduced or has remained the same?,3
1rpq5f7,"The battery health app says it’s at about 93%. 
It’s an older Model 3 so it only ever got about 490km when new. 
Currently at full charge around 446km.
I mainly slow charge but does get supercharged whenever I roadtrip which is a few times a year.
Current lifetime efficiency is at about 15kWh per 100km.",2
1rpq5f7,depends on your personal circumstances but I bought one recently and I've been pleasantly surprised at how easy it's been. Chargers are everywhere and it's about half the price to fill the battery with one of them at peak than it is to fill our ICE car with petrol. If you install one yourself and run it through solar it gets even cheaper. We'll get another EV when we replace the ICE car.,9
1rpq5f7,"did 4 years ago, never regretted it. Even less now.",18
1rpq5f7,I've never heard of anyone regretting getting an EV.,19
1rpq5f7,I am never buying an ICE car again. I do t miss looking at fuel prices everywhere I go. I don’t miss the engine noise. My BYD Performance does 0-100 in 3.8s and it’s so quiet. I charge it overnight twice a week and the money I save on petrol goes towards groceries. And I definitely don’t miss the Six monthly services and oil change. It’s the best car I’ve bought. Even better than the Porsche Macan we bought before the BYD.,9
1rpq5f7,"Got one 2.5 years ago and it's been great. Quiet, comfortable and no more petrol expenses. Charge it from solar, so it costs nothing to charge. Instant torque and power is amazing. 
I still have a manual turbocharged car that I enjoy driving more, but it's hard to go past the benefits of EV. I wouldn't swap my car for an EV (EV is the wife's car) as I still enjoy rowing gears, plus I only do 4,000kms a year in my car.",5
1rpq5f7,"Right now it’s looking better by the day 😂 But the car is fantastic. It’s so nice to drive silently, and without the rumble and vibration of an ICE",5
1rpq5f7,"I've owned sports car and sports bikes with loud exhausts etc Never wanted an EV because I thought DC fast charging infrastructure was too shit Lease pricing made it too tempting Got a BMW iX1 xDrive 30 Haven't used a DC fast charger No regrets, hate my second non-EV car (Golf) now, I love the silent, very quick acceleration (for an SUV) Looking to sell second ICE car to get a second EV when prices collapse in 2027/28 I think a survey of EV owners said 97% are never going back Make sure to get novated lease EV quotes (multiple) - big price difference",4
1rpq5f7,Christ it looks like the sentiment is finally changing in a big way,8
1rpq5f7,There’s been a noticeable shift very recently - talking months instead of weeks,2
1rpq5f7,"Reddit is not a reflection of real life, and most of Reddit is left wing who are often ‘green’.",1
1rpq5f7,I wasn’t talking about Reddit specifically. Have a look at a recent Carexpert or Drive article on an EV and in the comments the pro-EV people outweigh the negative by a long way. It’s also not about being green. Most people I know who bought an EV didn’t do it for that reason,1
1rpq5f7,"Your account is too new to post in this Sub. This has been implemented as an Anti-Spam feature. As a result, your comment has been removed. I am a bot, and this action was performed automatically. Pleasecontact the moderators of this subredditif you have any questions or concerns.",1
1rpq5f7,"I would have gotten one last year - we needed another car, already had a plug-in hybrid that runs mostly in EV mode. Unfortunately the only ones the family wanted weren’t p-plate legal, which was a requirement. I do regret not having one now though!",3
1rpq5f7,I wanna know what’s it going to be like owning one in 15-20 years time. Dead battery and how much that will cost. Right now everyone loves it because of how much they save on fuel. They do lose value a lot more than ICE. I heard they do chew through tyres faster because of how high the torque EVs are. Don’t know how true that is.,3
1rpq5f7,"How many people drive 20 year old cars? I mean they do, but it is a very small percentage. They do lose a lot more in value than ICE cars, but that honestly is because the tech gets better so much faster. For example right now there are new batteries in development that will come out in probably 5 years that could double the range. So cars without that range will be harder to sell when you are comparing them to new cars (that are getting cheaper) with double the range. So it is a real problem if your goal is value maintenance. But how valuable are ICE cars going to be in 10-15 years when half the country has transitioned to e-vehicles and doesn't want to buy an ICE car anymore? I know I will never buy another ICE car, and I am not alone. They do go through tyres faster, but they go through other things far slower or never at all. Brakes for example are barely used on my EV, as I use regenerative braking which doesn't use the brakes.",3
1rpq5f7,ICE might be valuable just like how JDM vehicles have. Maybe to the right buyer they’re valuable. Never have I thought they would. Thanks for sharing info. Didn’t know about the ev brake thing.,2
1rpq5f7,"I have the same question, especially about the change of battery after 10-15years. Will the money saved over the years be used at the endgame to cover the cost of changing the battery? With the market swamped with ev and hybrid, I hope the cost of battery be less than now.",2
1rpq5f7,Cars don’t last forever,1
1rpq5f7,And dont forget the novated lease benefits.  They are very real.,4
1rpq5f7,"Regret not buying earlier, so much cheaper to run, car service only every 2 years, no oil changes, speedy car, charging is cheap , super happy with my EV",5
1rpq5f7,Love it,3
1rpq5f7,"Bought in 2020. Never going back. Was never a rev head though, more of a tech person.",4
1rpq5f7,"Took the plunge a year ago. My plan before an EV was hybrid large car and EV small car. However my large car was starting to show signs of things getting old and breaking. It was 10 going on 11, and just minor things starting to happen.  Nothing major, but it had me looking around. (plus it was a CVT and when they go bang it's $$$) Ended up just diving in on a full EV and got the BYD Sealion 7. Couldn't be happier. Yeah it has a couple of quirks I would love to have fixed with it, but overall I would 100% replace it with another EV, most probably the same thing.  Literally started figuring out what we are going to replace the small car with now. Most probably a BYD dolphin as it fits the needs perfectly and I cannot find another car of that size, in that price range that I like. Put it this way. With a novated lease. I am pretty much getting a $65k car for around $45k as everything is paid pre tax. I also cover my costs of charging at home and actually make a few thousand a year on tax savings due to the 4.2c rebate the government is offering till 2028.  And having an EV, a lot of power companies have a overnight EV power rate.  So my power from midnight to 6am costs 8c/kWh.  So my car charges, the pool filter runs, and the home battery I am about to put in will charge at that time. All the cost savings aside, driving an EV is hard to make a comparison with.  Like I would say it's like going from a carby to EFI, or manual windows to electric.  But that isn't even close to the difference. It's so much more. Instant torque.  No noise.  You literally just hear the tyre noise and wind only.https://www.youtube.com/shorts/hgG7LMLQ7To You also have the added bonus of never having to go fuel up.  Not having to fire up petrolspy to see where the best prices are. Just plug it in when you get home, and it's  topped up overnight. I also did my first longer trip. ie outside the range of the car.  From Brisbane to Bundaberg.  Yeah rookie numbers compared to some people, but those first big trips outside the range of the car and getting it home are a unknown.  Charged everywhere I wanted without any dramas.  One place we pulled into I was trying to work out how much I needed.  It literally took me longer to work out what I needed than the time I needed to charge.  It was a 10 minute topup whilst we stretched our legs and used the toilet. The next charge we stopped for 20 minutes to get lunch, and I overcharged probably 10 minutes too much. Just one of those learning curves.  I have since learnt how to use apps like ABRP to plan.  My biggest issue was avoiding handing over money to Elon. I have found the setting to filter out his chargers now and the route planning is pretty spot on with how I charged.",3
1rpq5f7,"Four months owning an EV, none at all. It's very comfortable, fast, costs less to use and far more luxurious than we could afford in ICE cars. Perfect dailies.",4
1rpq5f7,"Waiting for delivery for mine (zeekr 7x) and honestly as soon as I test drove it, I couldn't wait to get rid of my ICE car. Driving an EV is just so smooth and quiet, not to mention the instant power as soon as you need it. If you have never driven one before, I highly recommend test driving them - you won't want to go back to ICE. It felt like a literal down grade as soon as I got back into my ICE car. It felt so last century.",2
1rpq5f7,"Unrelated but its interesting how far from the target market I am, I quite literally bought a car that sounds like a 10T excavator if you hold it at 2500rpm. I can see the advantage for EV's but for me half the fun is working on an old shitbox and enjoying it for what it is. In fact, after a quick Google search, the motor in it was actually used in excavators. Might explain a bit.",3
1rpq5f7,I’m pretty similar to you. Working on my car gives a certain satisfaction that nothing else does. Still love the growl of the engine at 2k rpm.,1
1rpq5f7,I’ve been test driving EVs lately with the 7X and Model Y being at the top of my list. I currently drive a turbo performance hatch and the instant torque and cabin tech advantages of EVs make my car feel like it was released 50 years ago. Even the base models feel so much more responsive and therefore suitable to my usual day to day driving where you don’t really have the chance to wind up the revs and overcome turbo lag. It’s really made me question whether or not I even need the performance versions.,1
1rpq5f7,"2 years in, no regrets.",3
1rpq5f7,"3 years ownership of EV after 15 years of ICE. Only regret is buying new over used, should have NL on used. Replacing our diesel with another EV as soon as financially viable.",2
1rpq5f7,"Best decision I've ever made. Had lots of sports/performance cars in my 20s and 30s, and they couldn't compete with the EV in terms of power, comfort, handling etc. I plug in at home using a walk charger during the day (50+ km added per hour), which uses solar mostly. Get in, put the foot down and you're away. Hit 40,000kms in my 2024 model and have had zero services, zero issues, zero worries. I can't foresee any issues either as it doesn't have any parts to service tbh.",4
1rpq5f7,"Absolutely no regrets, only reason I would buy a car with an ICE power train in the future is for enthusiast purposes.",1
1rpq5f7,"Why would people regret it? We have one ICE and one EV. We have kept the ice for now because it is what we use to tow a trailer and go on camping trips. However we don't use it at all unless we have to. The EV is our main daily driver, and it is fantastic for what we need it for. And the ICE benefits will be gone in the near future as well as charging speeds increase and charging locations increase. There will always be a market for ICE vehicles for enthusiast crowds, but honestly it will be like Vinyl records. They sell, people love them, but they will never again be the mainstream.",1
1rpq5f7,"I’m keen to buy one but it’s not the right time based on the cars we own. We have a hatchback and a large 4WD. The hatchback it’s modern with 80,000kms on the clock. The 4wd is old and has 230,000kms on the clock. I’m ready to replace the 4wd but that’s going to need to be replaced with another ICE 4wd. 
I’m wishing the hatchback was the old one so we could replace it with an EV car.",1
1rpq5f7,"The only thing that held me back was that the Govt were seriously looking to slap a 3c/km EV road tax, because they're missing out on fuel taxes. I did a bunch of calcs and the saving from the EV didn't warrant the compromise of not being able to tow a jetski or trailer. I did similar calcs with the most efficient EV Ute I could find, the LDV eT60, which only has a range of 330km and costs $92k, and it would cost the same to charge and run as my diesel ute over 1000km (this was at $1.80 fuel though, and factored in the 3c/km road tax). The main problem for me though, is they haven't made one that suits our lifestyle yet. I'm looking forward to the day they make one with better range and towing capacity. There are some good hybrids coming out now, which I'll seriously be considering.",1
1rpq5f7,"I was driving a v6 in stop-start traffic to work every day and it cost me a fortune. I bought an i30 sedan hybrid base model last year, and I spend bugger all on fuel. I maybe fill up once/twice a month where I was filling up once a week in the v6. Insurance was more, which does eat into the fuel savings a bit. However I’m in a brand new car, with functioning air con, sensors cruise control and all the new car things. I like the idea of going full EV, but it’s not practical for me at the moment.",1
1rpq5f7,"Bought a Model Y for my wife in 2022 and have enjoyed almost 4 years of trouble free, comfortable and trouble-free driving. Throughout that time I kept driving my ICE sports car that I was waiting to replace with a new ICE sports car. Fortunately/unfortunately we’ve had such a good experience with our one EV that I just couldn’t justify  buying a new ICE car. The thought of continuing to pay for fuel and servicing when you properly understand the value proposition of an EV is a hard pill to swallow. There’s always been idiots that like to give their opinion, both online and in person, but nobody I know who actually owns a Tesla regrets it. I’ve also noticed a very recent shift (probably only in the last 2 weeks) where previously ignorant people seem to be warming to the idea of driving an EV. The ultimate for me would be to keep these 2 and then have a nice RWD manual ICE coupe for mountain runs on the weekends.",1
1rpq5f7,I run 2 EV’s. My electric bill has gone up from $90 to $120 per month. My fuel bill has gone down by $800 a month & annual maintenance between both cars is about $80. So do I regret it? He’ll no🤣,1
1rpq5f7,Majority of cars only travel 200 ks a week. EV makes sense,1
1rpq5f7,"If you live in an apartment, EV might be less enticing if you aren’t in close proximity to a public charger. Most if not all strata building won’t allow you to use existing outlets or install a charger citing fire/insurance risk. You won’t save as much on fuel if you public charge but it’s still at least 1/3-1/2 cheaper. Although insurance for EV will generally be higher which offset fuel saving You will save most on maintenance since there’s infinitely less stuff to break/wear down in an EV",1
1rpq5f7,The peolel who regret it bought it during covid when the prices were too high. Cause this thread is just botted,0
1rpq5f7,"Owned one for 3 years, whilst not our only car, not one day as gone by where I do not love it. Especially of late drivers the gas stations watching people panic fill Jerry cans 😩",2
1rpq5f7,The what stations?,6
1rpq5f7,"If you enjoy the act of driving, then don’t. If you don’t have any passion for driving and want to get from A to B then it makes sense. The instant acceleration novelty wears off quick.",-10
1rpq5f7,"Sorry that’s not the case for me. 
I have always enjoyed driving and cars have been one of my main hobbies for 20 years. 
I love driving my EV every day, the acceleration doesn’t get boring either.",1
1rpq5f7,"Spent quite a bit of time trying to get myself to like one. Took it to the hills, yeah it’s fun for like 15mins but the torque delivery is boring as shit after that.",2
1rpq5f7,The acceleration never gets old.  And I'm in the most sluggish EV.,1
1rpq5f7,It’s a boring linear delivery.,0
1rpq5f7,Effortless and smooth,0
1rpq5f7,Sure why not if that’s how it makes you feel,-1
1rpq5f7,With fuel prices these days only to double in the new 10+ years I don't see why not,3
1rpq5f7,Doesn't electricity get more costly with higher oil prices too?,-1
1rpq5f7,Charging at home with rooftop solar panels helps,4
1rpq5f7,"Not really, and particularly if you have solar",1
1rpq5f7,Just bought one last week and now pick up more women than I ever had in my M3,-9
1rpq5f7,Uber driver?,30
1rpq5f7,"I doubt it, EV drivers are NPCs lol",-10
1hw63n8,"Of course everyone's experience may be different, but I'll challenge a couple of your cons. We've had our new BYD Atto3 for 4 months now and this is what I found: - purchase price was nearly $20K cheaper than a Tesla, so pretty comparable to a similar size ICE vehicle - Insurance is cheaper than our 3 year-old Suzuki Swift! - We got a 15A power socket installed, so at-home charging times are halved. - People on the BYD socials report fairly quick repair times, comparable with other ICE vehicles. - People on the BYD socials are reporting very good resale value after 2-3 years, so not sure if depreciation is so bad. As for the pros, there are lots, but my favourite is that, with home solar, we haven't paid one cent to ""refuel"" in 4 months!",24
1hw63n8,"I'm about to get some panel work done on my Atto due to a disagreement with a bollard and the parts have been there straight away. Apparently the Atto is the best served for panel parts though, there are delays with the sea lions but they are so new to the market that isn't a huge surprise I guess.",3
1hw63n8,When I was looking at EVs one of the reasons I didn't go with Tesla was the insurance. It was like 2-4x the price of other EVs to insure a Tesla. Seems the insurance issues are more specific to just that brand.,3
1hw63n8,My insurance for model y is 1100 a year. Not too bad.,3
1hw63n8,"I got 5 quotes for a new model Y and they were all in the range $2,500-$4,000 per year. While BYD and the Zeekr I bought were all between $1,200 and $1,600.",2
1hw63n8,Aami. Model y. 1100 per year.,0
1hw63n8,"Strange, when did you renew it? My quote from Aami in November last year was over $4,000 for a model y which is a pretty insane difference.",1
1hw63n8,"Yeah I looked up insurance from BD for a new model 3 and it was $4800 🤣 got a decent one from RACQ for $2200, which is still quite expensive",1
1hw63n8,Renewed October.,1
1hw63n8,"Agreed! I was looking at insurance for a Tesla Model 3 vs a BYD Seal Premium. Insurance quote from Budget Direct was ~$3,500 (3) vs $1,100 (Seal). Oy!",2
1hw63n8,Im getting a 15A power socket installed tomorrow. However I noticed that the charger that came with my Seal is only 8A draw. Did you buy another charger with a higher draw?,2
1hw63n8,Yep I bought this one:https://evchargers.com.au/product/portable-charger-15a/?fbclid=IwY2xjawGNRW1leHRuA2FlbQIxMAABHRuHktfVGm0HH9hCJdR5SxNQOUOWPbPwbcosmxX8EBjU5jZOQ2oqABxYnA_aem_Rv-1iuxzXmSpgIT4PuXnqw,1
1hw63n8,"Not to nit pick but you wouldn't be getting 300km range from a household plug over night. At best you would draw 2.4kw (which I wouldn't recommend going this high for hours at a time as the plug could melt/short) X 12 hours is say 28kwh. Best case they use around 16-18kwh per 100km, so best case more like 150, closer to 100km if using a lower charge rate. For people with off street parking/ability to home charge that don't do long road trips semi regularly, they are a no brainer.",32
1hw63n8,I get home at 5pm and leave at 9am.  Just checked. I get jusf under 200km. I'll change it on my post.,30
1hw63n8,"All good, just thought worth clarifying. For anyone doing under 100km average a day, slow charging is perfectly adequate.",16
1hw63n8,I've got a hyundai kona ev 60kw. 12.5 kwh with aircon full blast or 11.5kw per 100km  without. So overnight is around the 200km mark. Only had for 8ish months. Waiting to see how the battery degrades over time,6
1hw63n8,"I have a 15amp power point out front and can easily get 200km on an overnight charge, averaging 34kw across 10 hours.",7
1hw63n8,"15amp isn't a standard socket, 10 is, hence your getting those numbers",8
1hw63n8,"Cost me about $20 extra to have the 15amp installed over the 10amp standard point. Well worth it.
I didn't have a power point out the front of the house, so it needed to be done, anyway.
If I had the standard 10amp, I'd get less than 200km, for sure.",5
1hw63n8,Yep 15amp socket is the cheapest worthwhile upgrade before moving to a dedicated charger. For 95% of people it would meet all their charging needs,5
1hw63n8,"Wait, $20? did you just swap over a 10A GPO for a 15A one? I hope you’re on a MCB in your switchboard, should be running a dedicated circuit for a 15A outlet, that circuit will most likely have other GPOs on it and could overload it if other things are on at the same time so potential for cable to get hot and 🔥whoopsie.
Insurance would love to find that out and deny your claim too.",1
1hw63n8,"I had it installed professionally - $20 more to install the 15amp compared to the 10amp. There was no power point there, previously. Install was right near the switchboard; and runs straight to it.",5
1hw63n8,"Ah ok, phew!",3
1hw63n8,<image>,5
1hw63n8,Adding a circuit for a 15A outlet will generally cost less than $300. I had 2 circuits with 15A outlets added to a shop around 18 months for $500. There was about 20m of wiring required for that.,2
1hw63n8,28kwh would give me around 220km. No idea where he got 300 from.,2
1hw63n8,Out of interest what car 13kwh per 100km is very good,1
1hw63n8,24’ Model 3 LR with 18’ Photons - Sitting at 13.2 kWh (heard 19’s will get 14-14.3 kWh/100) since I’ve had the car over the past 5000km. It doesn’t get thrashed at every set of lights but I don’t nanny it either.,3
1hw63n8,Impressive how low Tesla's can go when other manufactures are in the high teens,1
1hw63n8,"It really depends on the driving style, I average 13.3kwh/100km on my atto 3, mostly to and from work",2
1hw63n8,How much has your electricity bill gone up by after charging the EV every night?,9
1hw63n8,I spent $20 on grid electricity in 12 months of driving. Solar power rocks. If I need an emergency grid powered top up my home charger will do 0% to 100% in a little over 3 hours (because my car charges at 22kW instead of normal 7 or 11 that other EVs do). Usually on a sunny day the car will charge at 7-8kW or so (I have 10kW of solar panels),8
1hw63n8,"I think is about 6 dollars off peak and 12 peak. I'm not 100% sure, but it's around that. We don't have solar",13
1hw63n8,"Partner charges his at 8c/kWh with Origin’s EV add on. Origin “controls” exactly when it charges but it basically just avoids the absolute peak periods, so almost no difference to charge time.",7
1hw63n8,Thx for the reply. Very informative post.,1
1hw63n8,Ovo does 3 hours free during the day and 8 cents during the night,2
1hw63n8,"In QLD charging infrastructure is quite alright. I haven't had any issues really in my 1year if driving. But I do check charges if they work or are busy through plugshare. So yeah a bit more planning in advance. Also while the coverage is good they need to start working on speeds, some cars can charge very quickly and our infrastructure in between cities is like 50-75kW that you will share with someone. This is way behind other countries.",7
1hw63n8,I didn't do the BNE->SYD this year (have done it previously) but it looked very busy from social posts. They will need to significantly address this imo.,1
1hw63n8,I own a PHEV that solves the charging/range anxiety problem. When infrastructure improves may go full EV,23
1hw63n8,My worry with PHEV is the servicing and longevity; Has all the complexity of an EV with the maintenance of an ICE.,18
1hw63n8,"Yeah I would definitely consider PHEVs to be more ICE than EV for that reason. One thing to consider though is the engine in a PHEV, particularly one that acts purely as a generator for the battery, won't be under such extreme stresses as a conventional ICE engine might be. And the engine will technically have a lengthened life due to not being used 100% of the time.",5
1hw63n8,"Any idea where one might get some stats on this? Like if a regular ice needsxservicing overyyears, what is the difference for a PHEV engine? I'm deciding which route to take at the moment and its hard to be properly informed, and you raise a good point",2
1hw63n8,Miss out on a bunch of the other pros though,18
1hw63n8,"PHEV is awesome as a city dweller. EV around town, ICE on the occasional highway trip.",1
1hw63n8,New phev have 2000km range I saw. Pretty amazing.,0
1hw63n8,Which car and model? That seems pretty crazu,1
1hw63n8,What PHEV has 2000km range?,1
1hw63n8,https://youtu.be/PW6u-inDpas?si=dzVnJal0GLERFABD Apparently it's only around 1500km real world range,7
1hw63n8,"1500km is still impressive, but most range claims are super circumstantial. EVs have a real valid use case (smaller regular trips/commutes) where they make a lot of sense and are extremely cheap to run for that use case. Plug in hybrids have a different use case again, where maybe you'll also do the odd long trip. ICE cars have a valid use case for longer trips, camping etc.",3
1hw63n8,"I do love the comment ""will my lower back explode from spending so much time behind the wheel of a car making me and leaving me unable to support family or myself eventually leading me to a life of crime and finally an early grave"" It's great to know your alternate future. All joking aside, that PHEV as a fuel tank slightly smaller than my mid-sized wagon (60L vs 63L) yet gets double the range with the help of a home charge. If you live in a rural area and only have a single vehicle, a PHEV currently makes a lot of sense. A real world over 600km range EV that is affordable would also make sense.",3
1hw63n8,"Home charging with a 7kw (32A) is a game changer, especially with the AGL 8c plan. I get a full charge in 6 hours with about 420klms range for $5. Mine is paying itself off in fuel savings in under 4 years. Also - Elon is a twat, and the reason I went MG over Tesla.",19
1hw63n8,"If you can upgrade to 3 phase I tell everyone to do so, just another future benefit along with increased solar size etc etc 11kw charging and we haven’t paid a single cent to drive the car 50,000km now. Our equivalent ice vehicle for the past 2 years would have cost us $16,600 just in fuel alone.",6
1hw63n8,I don’t have an EV and charger (obviously). But seriously thinking about getting a cheapish used one as a daily commute. I have a couple 15A points  (own circuits and fused - not a 10A upgrade)  in the garage - you reckon this would suffice. ~60km round trip and most stuff is well under ~20km,2
1hw63n8,"Easily. If you own the place it’s not hard to put a 7kw charger on the wall, but rental wise we’ve charged our Tesla from the outlet for weeks before getting the wall charger on.",3
1hw63n8,"Not all vehicles can do 22 kW over AC. Mine can charge up to a rate of several hundreds of kWs in DC, but AC is capped at 11 kW (which also requires three phase, just saying that sometimes going three versus single phase may only take you up by under 50% like from 7 to 11 kW).",2
1hw63n8,"You’re right the 3/Y are capped in Australia for some reason, the S & X are capable of charging at the faster 22kw (ran the cabling to support 22kw thinking all teslas where the same, we had a first release Y had installed the chargers before) Not sure why they changed it, but hopefully in the future and other cars will allow 22kw (or even higher) going forward. Just if you own the house, and you have 1 electric vehicle and you think down line when kids, spouse etc and all of a sudden it’s 3 electric vehicles get in now for the three phase upgrade.",1
1hw63n8,I can only charge my model (64kwh) at 7kw as thats the onboard charger limit. The 77kwh LR has an 11kw 3 phase charger onboard though.,2
1hw63n8,"I find it funny that people used to love Elon. But since supporting Trump, there isn't much love. From the genius savior that can do it all, to the pariah.",5
1hw63n8,"I think it started way before supporting Trump. Ever since he called that diver a pedo for shitting on his idea, he’s off the rails.",3
1hw63n8,"I think you haven't met most leaders. Very few of them are ""nice"" people. It's their way or the highway. The only difference is that most leaders don't go crazy promoting themselves like Elon.",1
1hw63n8,"I rent, so can't install one",2
1hw63n8,You can trickle charge overnight as well using a standard 10A power point.,2
1hw63n8,That's what I do,1
1hw63n8,Have you asked?,1
1hw63n8,Never needed it,0
1hw63n8,Probs buy a house before buying EV’s.,-2
1hw63n8,"Yes because a $30-80K can buy you a house in Australia LMFAO, and that assumes the car is bought outright which most people don’t.",3
1hw63n8,"No you can’t, but you are now 30-80k behind. Tell me you don’t understand finance without telling me.",0
1hw63n8,Such a loser mentality. Sure buy a depreciating asset. That's a great way to build wealth.,0
1hw63n8,So one should go without a car in country not built for life without a car in order not to be a loser? OK sure /s,1
1hw63n8,"No, buy a $5k car until you can afford more. It's a loser mentality to spend heaps on a new car because can't afford a house outright.......",0
1hw63n8,"Yep, $5K car that will spend considerable time at the mechanic (time off work) and will need repairs way more than a new car, effectively adding expenses and taking away time from work especially with the unreliability of a $5K car. OK, boomer.",1
1hw63n8,I'm not a boomer. But have retired early as didn't make stupid decisions like buying a depreciating asset early in my life. You can spin it however you like but you are only fooling yourself. That old saying about a fool and their money.....,0
1hw63n8,Same same. BYD on solar here. Elmo Twitler will never get my money and many Tesla owners are dipshits.,1
1hw63n8,Lol. Choosing Chinese government funded car instead.,1
1hw63n8,Happy to take their money.,1
1hw63n8,How often do you drive long distance ? I’ve driven interstate from vic a few times and never had any problems.,5
1hw63n8,I used to do huge commutes every day. 200km a day. I don't really do long road trips. Maybe once a year.  Very frustrating finding charging on road trips.,1
1hw63n8,Thanks for a really solid layman review. Contemplating a model Y or model 3 purchase and I have been going through old posts here and elsewhere and most opinions are quite polarising. It's either love it (big Tesla fan without much justification or numbers) or hate it (simply saying parts are expensive if you get hit so they are shit and nothing else).,5
1hw63n8,"Sorry because you own both, is the model 3's boot space adequate or would one require a Y for prams,etc.? My only consideration for a Y over 3 is that we are thinking of expanding the fam and I hear that you need all the boot and cabin space you can get if you have kids.",1
1hw63n8,Model 3 boot is huge but the opening is like half the size.  You can get away with travel prams but model y is significantly more practical. Model 3 is a much much better drive though.,3
1hw63n8,"2 kids with a model 3. The wheel well is extra space as is the trunk. It loads up very well for family trips but isn't as good as a Y for single large objects. Done road trips from Sydney to Brisbane, Melbourne, Albury, Cowra. You do need to plan ahead a little and supercharging isn't really much cheaper thana good ICE, but it works fine.",2
1hw63n8,"Thanks, very helpful. We don't go for super long drives anyway. My year kms are AVG 9k and mostly city travel. Plus, we plan on having an ICE vehicle for my wife anyway so this would really be an everyday car. The only large object that I would need to plan for are cases when I have overseas visitors.",1
1hw63n8,"Anecdotally, I've had a ModelY repaired twice. Both times it was in and out, very little wait times for parts.",1
1hw63n8,The only thing I’d add is it’s important to consider the weightings of each pro and con. For us the con weights are near non existent but the pros are amazing. We’d never go back to an ICE car unless forced to,3
1hw63n8,"terrible charging infrastructure It couldn't definitely do with the government imposing a licensing scheme to require a service level agreement (SLA) on chargers so they have a minimum uptime % and minimum response time for technicians to attend on site. I hear plenty of road trip reports with zero queues and zero issues with chargers. So ""terrible"" is probably too strong of a word to use given all the positive reports I have read from other people. I would call it ""mediocre"". I think over time the factories pumping out new EV chargers will start to work out what fails and what doesn't and reliability will increase. If you don't have home charging, it can be a real problem. Mainly you want home charging for cost benefits rather than convenience. If like most people in Australia, you're just using it as a city runabout, then you might only need to visit a fast charger once or twice a fortnight. Depends entirely on how much driving you do of course. There are people in my EV Facebook group that live in apartments with no access to home charging and have no issue living with the fast charging network on a week-to-week basis. Charging for free from solar (or off-peak discount grid pricing) is the real reason you want home charging. To drive around for 12 months we spent $20 for the entire year and the rest was solar powered driving. So we probably save $2-3k per year in fuel (my wife has a long commute). association with Elon and other EV nuts. It did play into my mind a bit, part of the reason I didn't get a Tesla was I did not like the Elon assocation. As for EV nuts, I don't associate the general petrol/diesel driver with the pro-ICE / anti-EV nutjobs. So too the general EV drivers should not be tainted by the existence of pro-EV / anti-ICE nutjobs. We all know there are fringe elements in every community that can give it a bad name. All this pro/anti EV crap will all die down eventually as market share continues to grow and people realise ""Oh they're just a car - I don't have to feel threatened by this change"". more expensive to buy for like for like. I was literally going to buy a petrol X1 but the electric iX1 was cheaper. The novated lease quote for the petrol was say $800 after tax vs say $500 after tax for the EV. So the sticker price is higher, but the after tax cost is lower, and after tax is what matters. For less after tax money, the EV model also offered superior acceleration (0 to 100 in 5.x versus 0-100 in 7.x) and better inclusions. I saw you cover this in your ""pros"" so I probably should have skipped this comment. high depreciation. Although this may be slightly over stated. Agree currently overstated but I think this will end up coming true when all the lease cars start hitting the market in full force. However currently, I'm looking to replace my second car (Golf) with another EV and going on carsales there really isn't much I would consider ""cheap"". The way anti-EV nutjobs go on about how bad it is we should be seeing a Model Y for $20k. EV depreciation will also have a direct impact on ICE depreciation, because the second hand car markets are not isolated from each other. Plenty of people will consider both EV and ICE options once the prices come down. So when ICE cars can't sell because people are buying $15k Model 3's then the ICE prices will also have to drop a large amount to compete for second hand sales. slightly more expensive insurance. Yes, I would also add: I think my tyre cost over $600 when my wife picked up a nail on her commute. long wait to get fixed if you get into an accident. We waited 4 months for a panel to get fixed. But we did get a replacement car during that time. I have no experience with this (touch wood) but I suspect the brand you choose will dictate this somewhat. A long established brand with supply chains already working properly might be supplying EV parts a bit faster. most evs are not quite as fun as a lightweight sports car and obviously no sound. Manual sports are still more fun. I think no sound is a massive bonus. I used to ride my Kawasaki ZX6R with no noisy muffler upgrade because I wanted less attention from the cops. I leave everyone behind at the traffic lights and it doesn't even sound like I'm trying. Police attention is minimised. Instant torque is addictive.",3
1hw63n8,Great response. Last year we spent $19.24 in total on electricity costs. We charge one a week on week end with solar and ovo free during day 11-2. Only charged a couple times overnight after forgetting to plug in 😂🤯,2
1hw63n8,"If I may comment, recent EV owner here from Sydney, and a friend of mine from Melbourne is considering an EV. We kept arguing that charging infrastructure is shit (he says) or not-perfect-but-good (I said). Till we realised we were both right. Melbourne is a fucking desert when it comes to charging stations, both in middle class and high socioeconomic status areas. Sydney on the other hand is flush with chargers. I live in a middle class area and I am literally surrounded by them. We checked google maps and the results are a stark difference. Morale of the story: don’t take my word or the OP’s word (not saying OP is lying btw) about charging infrastructure without checking the area where you live/work/frequent on Google Maps for chargers, and no I am not talking about metro versus regional/rural. Even the difference between Metro Sydney and Metro Melbourne is like night and day.",3
1hw63n8,"Hi OP, similar here, I'm 2 years into owning a model 3, it is one of 3 vehicles we own, including a small hatch and a large diesel 4WD. It is used primarily as a daily, with the longest trips being a round trip between Sydney and the Gong to see family. I've only used public charging once in the 2 years, as its always charged at home. For weekends away and road trips we use the Discovery, (as a side note, amazing vehicle). If the costs are in your range, without a doubt best daily car I have ever owned.",4
1hw63n8,"road tripping Sydney to Perth? Maybe. The thing is, most of the folks are probably travelling on the east side of Australia, and for that, Tesla chargings are plentiful.",2
1hw63n8,Number one biggest advantage for me is you can drive like a bit of a tool and hardly anyone notices because it does not get loud when you put your foot down.,2
1hw63n8,"That's a solid write up and the only issue I would take is the first one. Road trip charging really depends on where you're going to and fro and the time of year. I've done Sydney to Brisbane a few times and even Melbourne to Brisbane. The only time I had issues was this most recent Christmas when we were coming back down and hit the hell hole that is Coffs Harbour, ended up waiting an hour but that was decent compared to the other horror stories I've heard. Nevertheless it has improved drastically from when I got my first Tesla at the start of 2022. I have usually used Tesla superchargers (as they are the most reliable) but have also booked hotels in Byron, Redhead that had destination chargers (and I called ahead to make sure they worked). I think the eastern seaboard is the easiest to travel back and forth from (at least on a Tesla) and I welcome the mandatory break every 3 hours or so for charging so I can get out and stretch my feet and take care of whatever needs to be taken care of. I'm sure there are other places more inland that are heaps more difficult, but whether or not that changes will depend on a lot of things.",2
1hw63n8,"I would add tyres to the con list, ev's shred through tyres if you got a heavy right foot.",2
1hw63n8,"I live in an apartment with no charging infrastructure and own a BYD Seal and previously an Atto 3. I mostly charge once a week near work, either for completely free or at a paid charger that ends up costing less than the parking near work (and comes out of pre-tax dollars via NL). I've had maybe twice where I've needed to go out specifically to charge the car. So whilst it's not always ideal, it's not that bad for just over 2 years. I had to drive my parents' petrol cars between the Atto and the Seal and I couldn't wait to get back in an electric.",2
1hw63n8,32A charging at home is where it's at. haven't used a public charger since getting the outlet installed in my garage. plug in the night before if < 60% and start the next day at 100%. couldn't be better!,2
1hw63n8,Nothing else to add really. This is pretty much what it is. Did you get it via novated lease OP?,5
1hw63n8,Yup,2
1hw63n8,"maybe if anything, getting it via novated lease reduced the cost quite significantly. But YMMV",1
1hw63n8,Yes. Depends on your tax bracket,1
1hw63n8,"When you say break, are you referring to breaking lease or braking as in slowing down?",4
1hw63n8,Soz. Brake. Typo,2
1hw63n8,"Dearer than equivalent ICE like for like...mmmm, BMW would like to have a word.",3
1hw63n8,"Sorry, but you can't say they are cheaper than the equivalent ICE car because they have a super quick 0-100. The equivalent ICE car would be a supercar and would have far more features than just a quick 0-100. Going fast from 0-100 gets old quick.",-1
1hw63n8,Also instant torque is pretty addictive. Still haven't gotten sick of it after 4 years.,22
1hw63n8,"Hence I said they are more expensive and cheaper depending on what you want. If you want a super quiet car, you need to get a high end Lexus or Bentley for the same EV quietness. If you just care about instant torque and 0 to 100. Then EVs are cheaper. If you want range.  Then diesel is cheaper.  Etc etc.",17
1hw63n8,"You can have the same quietness in an MG EV, which is far cheaper. You can have the same acceleration on a motorbike and they are cheaper. Do you understand how stupid it is to compare a tesla and a Bentley? It's about the same level as comparing a tesla and a motorbike.",-27
1hw63n8,It depends on what you value. If all you care about is quietness. Then an EV is better value than a Bentley. But people don't just buy Bentley's for the quietness. You are literally agreeing with me.,20
1hw63n8,I value captains chairs ⚓️🛟🛳,2
1hw63n8,There are some new China EVs with captains chairs coming. They look pretty sweet but anything that moves a lot of people gets a high price it seems.,2
1hw63n8,Yeah i was interested in the ev9 until I saw the price.,1
1hw63n8,"Yep, absolutely ridiculous pricing. There are the airport taxi type things coming from BYD also but I believe it has equally ridiculous pricing: https://youtu.be/KZtIsTBuEFA?t=801",2
1hw63n8,"Going fast from 0-100 does not get old. If you owned one, you'd know. Unless you're unfortunately depressed too.",7
1hw63n8,It only gets old when it costs you your license… ask me how I know 🤣,1
1hw63n8,EVs being silent attract way less attention from you know who and Waze takes care of the other you know whos.,2
1hw63n8,"I only recently got Waze on my phone, if only Waze was installable on the Tesla native apps selection",1
1hw63n8,Yeah I keep forgetting Tesla doesn't have Android Auto.,1
1hw63n8,"For a long time I missed the sound of a combustion engine and the torque buildup, but getting into my wife's ASX quickly fixes that. I no longer miss the constant whine of an everyday ICE engine.",5
1hw63n8,Haha ASX is not really the combustion-dream-car!,3
1hw63n8,An ASX isn’t a good representation of ICE car 😂 It’s about as good and fun to drive as a MG3,2
1hw63n8,"This is really interesting, we just bought a Mini EV as a second car. After a month we have not had to charge yet because it is used for the 3.5km trip to work plus going to the shops etc. Our first car is a hybrid that we use for longer trips. One of my friends said at the moment long trips (I’m talking road trips interstate) are better served by a hybrid, particularly if you are driving during the holidays. But absolutely love the EV, if both cars are at home I absolutely prefer the EV. Next is an electric bike!",1
1hw63n8,"good post and broadly agree with your points. one thing worth pointing out with road trips though is if you're doing a 300k-ish day trip then the infrastructure problem is mitigated if you can charge at the destination, provided you have a large enough battery. As more EVs come out with >500k WLTP range this becomes more accessible.",1
1hw63n8,Have had my MG EV for almost 4 years. Brake pads still probably have another 4 years left.,1
1hw63n8,"That was my exact experience when I had an EV. Home charging is such a game changer. I did have 3ph power and solar to charge, though. I've been doing a lot of 3 phase connection upgrades, too. It looks like many new home builds are ticking 3ph power upgrades for EV and other high power appliances.",1
1hw63n8,"Definitely notice the huge performance difference between my normal hybrid and the current hire car (ice) Hybrid, drop the pedal and instant response but the ice will get there eventually. Startled by the difference.",1
1hw63n8,"With 5 kids, we're a bit limited in the EV market right now. I've heard rumours the Kia Carnival EV when it arrives will be around $125k 😳 that's more than double the ICE price. My other question, I've always heard a lot of really around battery replacement costs being a killer - is everyone just planning on turning their EV over every few years in an attempt to avoid this, or what is the plan for actual long term ownership?",1
1hw63n8,"From my research, battery should last at least 300,000km. And it  should still work, just reduced total range. So I'm not too worried.",2
1hw63n8,"If you can get 3-400,000km from the car that's 15-20 years for the average user, I'd be happy with that. Wouldn't really care about resale at that point as for $100k it's only $5k a year.",1
1hw63n8,I've been home charging my BYD Atto 3 on solar for 2.5 years. Unbelievably cheap and good local transport for families. I have a solar and grid aware 22kw 3phase charger for future proofing.,1
1hw63n8,I have a question for you:,1
1hw63n8,It cost about 15 dollars to charge 400km. So you can do the maths for your own circumstances,2
1hw63n8,"Live in Melton where fuel prices are out of control, I know of at least 10 people who have gone EV just based on that. 
One worked it out that they'll cover the cost in savings on fuel in 2 years.",1
1hw63n8,"Such refreshing honesty, not just one sided. An electric motorcycle, elecycle, would suit me and keep my old 4wd for doing bigger jobs",1
1hw63n8,"Cons:
1. Infrastructure is great in WA, chargers everywhere and i’ve never encountered a broken one where another isn’t already available. Pretty sure WA has the longest infrastructure in the world to travel long distance up north & south, Tesla maps will automatically find a charger near you and plan your route automatically so it’s not annoying. Unless you live in an apartment everybody has home charging, just plug into a powerpoint. Who gives a single fuck about what one dude is saying or what other people think about metal on wheels Agree, EVs are more expensive currently Agree tho every vehicle will depreciate EV’s are cheaper insurance, they get government incentive discounts on insurance and rego Never a long wait for repairs, sounds like you just went to a shit shop and didn’t search around. Tesla will always be the fastest car on the road, sounds like you got a single battery base model. The performance acceleration and speed never gets old, tho even the base model is fun as fuck to drive compared to ice.",1
1hw63n8,"Your account is too new to post in this Sub. This has been implemented as an Anti-Spam feature. As a result, your comment has been removed. I am a bot, and this action was performed automatically. Pleasecontact the moderators of this subredditif you have any questions or concerns.",1
1hw63n8,"I used to think EV’s were all garbage but then I’ve realized they make really good second, around town cars. I would never buy one as a sole car unless it was a high range Tesla or so. This is coming from someone who works on cars. They also devalue very fast so that’s another downside. If someone really wants to buy an EV as a sole car I would only recommend the model s (2010’s). They are around 10k and are pretty spacious. I daily a 2011 Honda pilot and honestly could use a Nissan leaf or Chevy spark as an around town car. But I’ve decided to look for a mini cooper.",1
1hw63n8,"I like EV specially the BYD Seal. I won’t buy one any time soon until infrastructure is better and better models arise. At the moment mostly all EV coming to Australia are SUV. 
Only hatchbacks are the Cupra and the Ioniq 5??",1
1hw63n8,"Mg4, ora, dolphin are small hatches for less than 40k. Actually ora is less than 30k now.",2
1hw63n8,"Not many options like a Corolla or Civic, anyway options are also reducing on ICE cars. I really like the Zeekr 001 but apparently isn't coming to Australia (at least yet)",1
1hw63n8,"My parents have an EV and I’d agree with all of the above. I personally have an ICE for many reasons (mainly that I constantly drive long distances up the coast and that I don’t have charging infrastructure at my apartment building, but also because I find driving my car far more engaging than my parent’s car despite it being slower). It’s fantastic for daily driving around town as long as you can charge at home, but sucks for long distances. Case in point last time my parents drove back down the coast I took them 12 hours (due to lines are charging stations) and took me 9. One of my main gripes though is how overdesigned many of them are - the perfect example is the polestar where to open the glove box you need to dive into the settings in the touch screen, or the position of indicators on the new Tesla model 3… like why! My perspective more broadly is that the entire EV overhaul of the car industry (where people talk about how no one will be driving ICE in 10 years) won’t come. Although they don’t come with the daily emissions of an ICE, because of the far far greater production/material requirements and implications that come with that, you only break even with emissions with an ICE after a few years of daily driving. My thoughts are that EVs are just another form of energy to make a vehicle move, just as I’m sure hydrogen and others will come. They certainly have their place and benefits in the market going forward which is fantastic for choice for consumers, but they are absolutely not the environmental periah that will save the world that people claim them to be (I’d argue that a buying second hand hybrid is astronomically better for the environment than buying a new EV). They are just another segment of product.",-2
1hw63n8,I don't quite understand your emissions issue. Renewable energy is only increasing and EV are already generating 50% less lifetime emissions than ICE. https://www.iea.org/data-and-statistics/data-tools/ev-life-cycle-assessment-calculator,15
1hw63n8,"The lack of buttons in the car is actually one of my favourite parts of the car. I set it up and just drive. No need to press any buttons. Wife and I didn't buy EVs for environmental reasons. I just like driving them. Environment is not the main reasons for purchasing EVs anymore, it's just one of many factors.",5
1hw63n8,"The thing I hate most about my Seal is that it has a lack of aircon buttons. I miss dials and buttons, but that's about it.",2
1hw63n8,I thought you just use 3 fingers on the seal for aircon,1
1hw63n8,"Yeah, 3 fingers up to change temp, three across to change speed. No manual control of the vents - have to go into the aircon app to adjust. It gets annoying having the passenger move their hand across the screen to adjust settings. A simple dial or two (for dual-zone use) would suffice.",3
1hw63n8,"Yeh, emissions argument been proven wrong so many times but won’t go away",1
1hw63n8,"Your account is too new to post in this Sub. This has been implemented as an Anti-Spam feature. As a result, your comment has been removed. I am a bot, and this action was performed automatically. Pleasecontact the moderators of this subredditif you have any questions or concerns.",1
1hw63n8,"Model 3 owner here and I’ll challenge couple of the cons listed. 
Got into an accident couple of years ago. Some P plater in a Hilux ran into the back of me. The repairs took about a month and got the car back good as new. So I don’t think it was any longer wait than an ICE vehicle. 
And my insurance is pretty reasonable actually. In fact I’m paying less for insurance than some of my ICE driver friends and colleagues. 
So I’ve got no issues whatsoever with my ev ownership experience. I’ve even done long distance drives and using the Tesla supercharger was never an issue. There was one always available. I will admit that if it’s wasn’t a Tesla then I’d be panicking",0
1hw63n8,"You bought your cars before the prices dropped a bunch.My condolences.BTW, will do the 450k commute back home tomorrow night that I do twice a week.  16 min charge while I get groceries.   I takes exactly the same amount of time as if I drive the Toe-Rag.",0
1hw63n8,"EVs are only useful if you have a driveway and solar panels, there are some EV places within the cities (at least in sydney) but if u want an EV get a hybrid",-7
1hw63n8,I don't have solar. But home charging makes the biggest difference between an amazing experience and a shit experience,2
1hw63n8,"I’d add into the cons equation the rate at which you go through tyres and brakes, it can’t be understated how much more often you have to change both due to the weight of some EVs.",-20
1hw63n8,"Na. Way less break use, i hardly ever use the breaks, its all regen.  Also the model 3 performance is lighter than a BMW m3.",18
1hw63n8,Don't try to chuck in your 2 cents if you're broke.,14
1hw63n8,"I run a fleet of Toyota hybrids and very rarely have to change brake pads or disc rotors on any of them. The regenerative braking means that the brakes are rarely used - on the Toyota hybrids the transmission does most of the braking. The shortest life I've ever seen out of brake pads on a Toyota hybrid was 210,000km on rear pads on a Camry hybrid taxi. On other Toyota hybrids I'm getting 300,000km or more out of a set of brake pads.",9
1hw63n8,"You saying from experience or just parroting some shit you seen online? You don't use brakes in Tesla as it slows down and charges battery when you let off. 70k KMs on original set of Tesla tyres compared to lucky to see 45k KMs out of my last car tyres. Not a single service required in 70ks, changed wipers and cabin filters myself. Tyres haven't even needed to rotate as even weight distribution It's a stupid good choice for basic commuting. Can't beat the 4by for towing and adventuring but ev for standard sedans is almost a giant winner, can't really compare. Although if you're going to mention fun and feeling of driving a manual and banging through the gears... That part is severely lacking",10
1hw63n8,"Brakes nope, most of the time (if you are driving sensibly) regen will slow the car, tyres, well depends on how you drive. But even then it's cancelled out by the fact the model 3/Y has no scheduled maintenance requirements.",2
1hw63n8,Not even slightly true. The opposite infact you brake pads last much longer.,2
1hw63n8,"You saying from experience or just parroting some shit you seen online? You don't use brakes in Tesla as it slows down and charges battery when you let off. 70k KMs on original set of Tesla tyres compared to lucky to see 45k KMs out of my last car tyres. Not a single service required in 70ks, changed wipers and cabin filters myself. Tyres haven't even needed to rotate as even weight distribution It's a stupid good choice for basic commuting. Can't beat the 4by for towing and adventuring but ev for standard sedans is almost a giant winner, can't really compare. Although if you're going to mention fun and feeling of driving a manual and banging through the gears... That part is severely lacking",1
1hw63n8,Also suspension,-11
1hw63n8,"Erm, no mention that driving a Tesla is the same as flying a nazi flag.",-15
1hw63n8,You mean driving a Volkswagen.,12
1hw63n8,Maybe to chronically online losers. Normal people don't give a fuck about what car you drive or why you bought it.,7
1hw63n8,Same as Volkswagen?,6
1hw63n8,You could make the same argument for Mercedes given there are pictures of Hitler driving around in a 6 wheeled Merc doing the salute,7
1hw63n8,Literally the equivalent.,2
1hw63n8,Cry,3
1hw63n8,Can't see the point of them.,-6
1hw63n8,Did you read the pros list? 😂,6
1hw63n8,No.,-3
1hw63n8,I assumed as much,2
1hw63n8,"Why would I bother? They can do nothing a petrol car can't do, cost more, can't go as far, pain in the arse to charge and look like clown cars. That's enough.",-3
1hw63n8,I got one as I have an off grid house. The car gets free fuel from excess solar in summer and provides home battery backup during winter. My petrol car can't do that. It is a really useful bit of kit.,1
1hw63n8,"If you have a Tesla, using it as a home battery invalidates the warranty. Shame as it’s a great idea.",1
1hw63n8,Yeah one reason I didn't get a Teala.,1
1hw63n8,Yeah. I wouldn't buy another tesla.  So many better cars now.,4
1drsvnc,"Also an EV owner, very happy with my car and wouldn’t consider going back to an ICE car as the daily family car based on my current circumstances. I can see a scenario where it would make sense buying an ICE for something more specific, say we suddenly got into caravaning and we wanted to tour Australia or I wanted a cheap beater for my kids to learn to drive in. I might even find myself in a situation where we have to move and home charging becomes impossible. Makes me think the survey question is a bit misleading. Considering purchasing an ICE car again is different to being unhappy with your EV purchase and having buyers remorse. I’m not naive enough to think there still isn’t a place for ICE cars in Australia, and that EVs have magically filled every niche in the market. Depending on circumstances I couldn’t rule out never buying an ICE car again, even if I largely prefer my EV. I’m lucky that I live in a situation where owning an EV makes the most sense for me right now. I can see how that isn’t everyone and it may not always be the situation I’m in.",65
1drsvnc,"I’ve heard this report a few times over the past year, I’d love to see how it was actually asked, what was the exact wording ? I know a heap of people with EVs and not a single one has said they would go back as their primary car",6
1drsvnc,"We have an ICE and an EV. Think that’s how it’s going to stay for the foreseeable future, the ICE maybe a PHEV at best. The EV is fanatic around the city, we have saved shit loads on petrol from the wife driving it to/from work and since I’m WFH I only use the ICE for daycare runs and a weekly golf game. Costs me about $60 for 2-3 weeks. Where the EVs currently falling in the ass is long trips. Going home to Vic from Canberra it’s about a 7-7.5 hour drive depending on the kiddos. The EV puts that up to 10 minimum. Main issue, just the lack of charging stations especially the CBR to Woodonga portion. If they had them at all petrol stations then it would be better to do multiple 10 minute stops as opposed to having to be there for at least 20-30 mins. One stop we planned the charging station was dead and we were forced to get a tow to the nearest one along the way (was covered as part of the road side so didn’t pay anything) and that was embarrassing as shit. It’s slowly getting better but won’t be ready for the next purchase for sure. Hoping it will be when the EVs lease is over in 2027",42
1drsvnc,"Ah, that sucks :(  We’ve found that stretch tricky too, but there are multi-car charge stations at Tarcutta and Euroa now which seem to do the job.  Lots at Barnawartha but we avoid that after a bad experience with multiple broken spark-pumps and long queues.",4
1drsvnc,Bet it was the charger at Oliver's Gundagai,4
1drsvnc,"Worse, holbrook",2
1drsvnc,"Agree, EV great for a daily driver, even longer daily drives... but we're keeping our PHEV for road trips, I won't do the whole charging thing with the wife and kiddo in tow.",7
1drsvnc,How is Canberra to Melbourne minimum 10 hours in an EV? I've driven Melbourne to Sydney in 10 hours in an EV,6
1drsvnc,I do this (Syd-Mel) every two weeks. 45 min recharge 20-80% in my old Kona. It’s an 11.5 hr trip with 2.5 charges.,3
1drsvnc,"We are in Canberra as well with some airport runs to Sydney and frequent day trips to Wollongong and the south coast beaches. With an EV to the Sydney airport, have to wonder if I should find a parking spot first or a charging spot. Going to the coast and back, it would mean an extra half an hour at the right place to charge and come back. For both those use cases, an EV doesn't work. For within Canberra, it's going to be an EV when it's time to replace the current second car. It's likely for many people here to have one EV and one ICE in the household.",2
1drsvnc,"One of each in a 2 car household is a no brainier. I wouldn't swap the diesel 4wd for an EV and I wouldn't swap the model 3 for an ICE. The model 3 does 15-20k per year, the diesel does 3-4. If we go for upto 400kms the ev goes, beyond that we generally take the 4WD. I'd seriously consider a plug in hybrid dual cab ute if they existed, but they seem to always be a year or two away.",1
1drsvnc,"Almost 2yrs with the Ioniq 5 and there is no way I would go back to ICE. 
Low maintenance, haven't paid for charging, quiet, quick and good efficiency around town.",26
1drsvnc,How have you managed to never pay for charging it so far?,1
1drsvnc,"Local shop has 3 x type-2 chargers  that are free. I keep mine top up 70-100%. Just use the plug share app and filter ""free "" to find them.",3
1drsvnc,I like the low hassle of ownership. I love the responsiveness of the motor.neevr had any real issue with range. I'd like it if someone came up something with a bigger fun factor in a smaller car. 2/3 the range would still be heaps. Hoping someone like renault sports cam come up with a genuine drivers EV Clio or rs. I might go back to petrol for that factor alone but I think the market will see EVs or more character come along that have some sell factor beyond just being an EV and fast 0-100 times,46
1drsvnc,"Cupra born? It needs to drop in price though, hopefully byd will make something in the hot hatch size",19
1drsvnc,I've got one of these and it's awesome. Fun drive and fast.,3
1drsvnc,They have with the just revealed Alpine A290 but it looks like they are sitting back a year or two before delivering an all out all wheel drive super hatch.,3
1drsvnc,Those e Abarth 500s look fun. Shame they are 70k,5
1drsvnc,Ioniq 5N?Even John Cadogan likes it.,6
1drsvnc,Everyone froths these but $110-$125k for a hot hatch is ridiculous,13
1drsvnc,"""Hatch"" is a strech too, they are quite large cars in the flesh.",7
1drsvnc,"Waving it off as a hot hatch is doing it a disservice tbh. It can do 0-100 in roughly the same time as a Lamborghini Huracan, comfortably seat 5 people, has a decent amount of cargo space, and costs about as much as a mid-level European sedan.",3
1drsvnc,Hatch lol it's freaking huuuuge,4
1drsvnc,"John Cadogan is/used to be on Hyundai's paybooks as a consultant apparently. I'm not surprised Edit: Found it! https://www.drive.com.au/news/australias-role-in-the-global-car-industry/ ""Footnote: John Cadogan occasionally works as a consultant to Hyundai Motor Company Australia."" See the bottom",9
1drsvnc,Wait he actually likes something.... All he does is fucking winge.,15
1drsvnc,"I cringed at Redriven giving him a soapbox, terrible",4
1drsvnc,Great but too expensive,6
1drsvnc,What do you drive now? My MG4 is little and REALLY fun to drive. I got the LFP battery which is only about 350km WLTP range but that's plenty.,2
1drsvnc,Rwd model 3. Usually get 350 or so,5
1drsvnc,"The Tesla's seem like great cars but like you say, they don't seem to have a lot of personality. I think some tiny 2 door 4 seater with a quirky face and 200km range could sell like hotcakes at the right price.",2
1drsvnc,Volvo ex30 ultra 0-100 3.6 sec,1
1drsvnc,Reno 5 is coming looks good,1
1drsvnc,Renault Sport is dead unfortunately,1
1drsvnc,a bigger fun factor in a smaller car        ... BMW i3s!,1
1drsvnc,Can’t speak for anyone else. But 18 months into EV ownership and I will never even consider owning a combustion car again.,30
1drsvnc,Same here. I actually tried to dig into the survey and can’t find any detail on how they sourced their participants or what the question asked was. There’s a big difference between “Would you buy an ICE can in the future” “Would you replace your EV with an ICE car” “Would you buy another EV” All can be twisted to “49% of respondents would got back to an ICE car” but each question asks an inherently different thing. I wouldn’t replace my wife’s ICE car with another EV in our house AT THE MOMENT because the infrastructure (while ok) isn’t suited for every circumstance. So having both EV and ICE is good for us. That is not me being anti-EV.,12
1drsvnc,Same. 2.5years in. Tesla and now an i4 $0 maintenance except for 2 tire rotations. Hassle free low cost motoring.,2
1drsvnc,EV owner for 10 years. While I would hesitate to buy the same brand and would more likely buy a e-bike given my current usage. I'm trying to get a plug in hybrid as the next family car.,7
1drsvnc,Which brand?,1
1drsvnc,Zero. The hybrid possibly a outlander phev.,2
1drsvnc,"I have an outlander phev...It is brilliant....
Small range on just electric but enough for work and back. Big enough fuel tank for weekends away and runs at about 6l per 100km..Would never go back...",2
1drsvnc,"We've got 2 EV 's and we're never going back to petrol. Even in the dead of a Melbourne winter when my solar panels aren't making any power, it still cost me less than $5 to drive 200km yesterday. Why the hell would I want to go back to fuel at $2/L? 
 Speak to any EV owner and you'll only hear great things. I mean if you're an off-road enthusiast going bush for weeks on end, perhaps owning an EV isn't for you (yet) but those folks wouldn't have bought one in the first place. This survey said that half of Aussie EV owners wanted to go back to petrol. I call bullshit. That ""survey"" seems as made up as Russian election results.",25
1drsvnc,"""McKinsey and Co.’s 2024 Mobility Consumer Pulse"" So the company who has taken soooooo much money from oil and auto companies over the years releases an independent survey?   Honestly, I have seen enough McKinsey work to know it is barely above ""captain obvious"" level.",12
1drsvnc,"Caution against simply believing some ""journalist""'s interpretation of a report. without knowing the full set of conditions, sample size, type, demographic etc that the report is based on. According to me, 100% of all EV owners that I know personally would never choose an ICE car for their next car. There you go.",59
1drsvnc,"Agreed, never met a person with an EV that would go back to ICE.",10
1drsvnc,"Likewise, everyone I know that has an EV has no intention of going back.",10
1drsvnc,"So true. In particular, ‘journalists’ who work for media organisations who are motivated to keep the fossil fuel industry alive. All EV owners I know would not go back to an ICE.",2
1drsvnc,The report that Car Expert quoted was from McKinsey. Probably now the most unethical and devious management consultants in the world. https://www.youtube.com/watch?v=AiOUojVd6xQ,11
1drsvnc,"I won't go back to an ICE car and everyone I talk to a my work is the same. I primarily bought my car to drive to and from work and around town but now we use it for longer drives, as it's so cheap to run and easy to drive. Seems like another media beatup against EV's.",47
1drsvnc,"They are the untimate daily drivers, just 1 gear so smooth as butter in traffic and provided theirs enough charging infrastructure on your regular commutes charging isn't anymore of a hassle than the old servos. I just tallied up my charging receipts for the last year and to drive 16,000km it cost me $500",20
1drsvnc,Do you charge at home?,3
1drsvnc,"Occasionally, but I'm just charging off my standard 240v home wall outlet, so only charges at a rate of about ~1.5kW/h when I do.",3
1drsvnc,There have been a lot of those lately,9
1drsvnc,"Absolutely wouldn't go back to solely ICE. A hybrid perhaps. I mostly drive to and from work and maybe a longer drive (1 hour each way) on weekends. I've never had to consider how much charge my car has. But I'm lucky and I have a powerpoint in my garage. I think the biggest barrier to entry would be not being able to charge at home. I've only charged a couple of times at public stations and never had issues, but I wouldnt want to rely on it. Charging overnight I get ~150km of range, and only drive maybe 30km a day. So I really only have to charge 2-3 nights a week to stay high. I mostly use it during the week down to 20% and charge all day and night Friday back up to 100% for the weekend (wfh fridays).",10
1drsvnc,"I don’t yet own an EV, my next car will be one. I’ve been pushing back my purchasing of one for a few years now, I’ll probably get one this year. I wouldn’t consider an ICE car ever again (not an enthusiast, just a car = transport person)",5
1drsvnc,"We’ve had our MG4 for 9 months, would never go back to an ICE.  We’ve done 30,000 in that time, for a “fuel” cost of $350. The i30 it replaced would have cost around $4800 in petrol.",9
1drsvnc,Shame about the cost of depreciation on the mg,3
1drsvnc,I’ve noticed insurance prices of EVs are above ICEs. Do EV fuel savings offset the increased insurance premiums enough?,17
1drsvnc,"We pay $1100 insurance on our 6 year old ICE car, and $1400 to insure our 1 year old EV. We used to spend $250 per week on diesel and now spend about $20-30 extra on our power bill, so it takes less than two weeks of fuel savings to compensate for the higher premium.",38
1drsvnc,Which insurance company?,1
1drsvnc,"Both cars with NRMA. The Tesla has just started its second year with them, the MUX has just started its first. We shop around every renewal. Thought the Tesla might have gone up a lot since we claimed a new windscreen recently, but they were still the cheapest.",8
1drsvnc,"Not always the case, electric motorcycles are significantly cheaper due to a technicality motorbikes are judged on engine capacity and electrics fall into the lowest category.",9
1drsvnc,"You definitely need to shop around for EV insurance. We got some brutal quotes, then RACQ came through with $1100 a year ago and then recently $1200 for the renewal. 2023 EV6 GT, $2000 excess.",8
1drsvnc,You've heard wrong.  My way more expensive EV has a cheaper premium is below that of our 10yo volkswagen.Yet more bullshit put out by the media.,6
1drsvnc,"Do EV fuel savings offset the increased insurance premiums enough? False. I work for an insurance company, except for Tesla (due massively to how easy they are to steal, and how expensive they are to fix due to their repair network arrangement), most EV's are on par, and in some cases cheaper to insure than acomparably pricedfull ICE Vehicle. A big factor in this is that a lot of EV's have ADAS systems as standard, whereas the same suites may not be standard (optional by going for the higher end model, or an optional extra) in an equivalent ICE, so they have less crashes, or less severe crashes. Now, I know some people are going to say ""Tesla's aren't easy to steal"" They are cos their owners are fucking idiots and leave thekey in the carin their garage which isnot securely lockedand then theyprogram their Tesla to stay unlocked at home So they pull in, leave their wallet with the key in it in the garage, and leave it unlocked. People just walk up, open the garage door and hop in the car and drive away. At least when I park at home I take my keys inside.",8
1drsvnc,"Now, I know some people are going to say ""Tesla's aren't easy to steal"" They are cos their owners are fucking idiots and leave thekey in the carin their garage which isnot securely lockedand then theyprogram their Tesla to stay unlocked at home By this logic any car is going to be easy to steal if you use the caveat of ""having the key in the car and the doors unlocked."" Most owners also use the phone key 99% of the time and have their wallet/purse inside the house.",10
1drsvnc,"By this logic any car is going to be easy to steal if you use the caveat of ""having the key in the car and the doors unlocked."" Exactly. Most owners also use the phone key 99% of the time and have their wallet/purse inside the house. Not the owners of stolen Tesla's, I've seen the data, for stolen cars we've had within our group, the majority had the key left in them and the owners are fighting the fact that our PDS says ""don't leave the keys in the car""",6
1drsvnc,I think of the cohort of claims for stolen Teslas that situation will be very common. But of the cohort of stolen cars as a whole is Tesla a big part or not? Cos I would think that apart from that idiot owner scenario you mentioned and maybe some high tech spoofing thingy that mimics a phone key or something there aren't many other ways to steal a Tesla. Maybe stealing some poor sap's phone?,2
1drsvnc,"Exactly why I use the PIN code function on my Tesla. Regardless if you have my wallet or phone without the code you got up to 10,000 combinations to work through 😹",4
1drsvnc,"Exactly, it's such a simple thing, and it's pretty clearly stated in the manual. It's one of those things, we also find out that people turn off rolling codes on their garage doors because the fobs only work at the driveway and they have to wait for the door to go up. Instead, turn off the security features and the fob works at the end of the street and don't need to wait for the door. They'll read an owner's manual to find that 🤷🏿‍♂️",3
1drsvnc,Any thoughts as to why this is largely a Tesla phenomenon?,1
1drsvnc,"Well besides from where Tesla owners leave the spare key (in their wallet, in an unlocked car) Tesla willonlysell parts to their approved repairers, and insurance companies have to use OEM parts if a vehicle is still in warranty. This means that we have to go where Tesla sends us, and those guys basically charge what they want, cos they know that insurers can't go anywhere else. As a result, the fixable cars cost more to fix, and the tolerance before they get written off economically shrinks (which Tesla loves, because if you have new for old, then Tesla gets to sell the insurance company another car, and if you don't, a lot of Tesla owners will go and buy another Tesla)",3
1drsvnc,"I've heard people saying a) EV insurance costs are typically higher, and its often because b) insurance companies are writing off vehicles that could be repaired, but are concerned about future liability from a damaged battery unit that wasn't realised at the time of repair. Is that people talking out their arses, or is there something to it?",1
1drsvnc,Also the cost of depreciation on EVs seems quite high,1
1drsvnc,"Probably worth to consider the depreciation price as well, who is going to buy the car off you with a decent price, no body willing to risk on a 2nd hand battery and do we know how much a new battery cost?  I read somewhere suggesting the battery replacement costs as much as a new car!  Just YouTube “Ionic5 Canada battery issue” and you will be amazed.",1
1drsvnc,As an EV owner I challenge these supposed findings. Doesn’t align with our experience or anyone else we know who drives EVs.,8
1drsvnc,"Drive an EV and also own an ICE. Absolutely can’t stand it when I have to take the ICE vehicle somewhere and will avoid it as much as possible. As soon as my daughter runs it into the ground it’s another EV for me, and she has said that when she actually buys her own car she will be looking at a hybrid only because they’re cheaper than a full EV. Pretty sure they just pull these ‘statistics’ out of their arse (or at least twist them) to drive engagement.",5
1drsvnc,"Well as someone else pointed out and I noticed as well. They list that 30,000 people were asked worldwide but didn't show how many were asked in Australia.",3
1drsvnc,So they asked 2 people and one of them was the doctor someone mentioned who kept forgetting to plug their car in at night…,3
1drsvnc,Yeah I drove my ice car home from the train station yesterday and it sucked - it was freezing. Generally preheat the EV from the train before my stop so it's warm when I get to it.,2
1drsvnc,"49 per cent of Australian respondents said they’re considering a switch back to ICE, though the report didn’t detail how many of the remaining 51 per cent were on the fence or committed to EV ownership. So it's a global survey & it doesn't say how many Australians responded to the Survey out of the 36,954, it could have been 500! https://executivedigest.sapo.pt/wp-content/uploads/2024/06/Mobility-Consumer-Pulse-2024_Overview.pdf",12
1drsvnc,"It also doesn’t say how many of those Australians have an EV. The 36,954 respondents are only noted as being “regular mobility users”. This isn’t a survey specifically about EV owners, but all people who get around using mobility. Given that EV ownership in Australia is probably a handful of percent of the fleet, I can imagine the number of Australian EV owners who responded to this survey would be quite small.",7
1drsvnc,"I have a PHEV, love it, would not go back to a 100% ICE but also wouldn't buy a 100% electric. I bought the car new and plan to trade it before the end of the warranty. Not sure if buying a new car with a massive battery every few years is actually better for the environment but I love driving it",7
1drsvnc,"Robust science says it is better for the environment- assuming that the car is driven for some 200,000km on average before it is scrapped. You may personally change cars every few years, but hopefully the car will continue to be driven by someone else as a used car until it dies of something - accident, battery failure (it lasts longer than you think), other major failure etc.",3
1drsvnc,"I love my EV and will never go back. 
It's true that it can't do everything, but no car can. I wouldn't buy a Corolla if I wanted to do some 4wd tracks, and if I lived in the city I wouldn't buy a Dodge Ram (although I know plenty do) 
I charge at home on a trickle charger plugged into a normal 240v power point, no special infrastructure. I have driven over 40,000km in 11 months and I love love love my EV. It's fun to drive, maintenance is virtually zero and it's fully replaced the $250ish per week I used to spend on diesel. We've kept the ICE 7 seater for when we go out as a whole family (there are 6 of us so we use the 5 seat EV as a runaround for when it's just the kids and I) and when we need to tow, and I would replace it with an EV in a heartbeat if I could.",18
1drsvnc,What ev do you have?,5
1drsvnc,I'll never return to ICE for a daily driver. My model 3 insurance is close in premium costs to my 07 XR5 :/ neither of which are extortionate tbh.,6
1drsvnc,"No way in God's green earth id go back to petrol or diesel.  And I've never meet any EV driver who would either.  I don't believe this 49% stat,.sounds like it came from a fossil fuel think tank.",16
1drsvnc,"Exactly, it sounds totally made up. Id be stunned if a single EV owner showed up in this post saying that they'd even thought about going back to ice.",7
1drsvnc,"Three and a bit years of owning an EV and I can’t see myself ever going back to combustion. We use it for about-town driving with no problems, Canberra-Sydney roadtrips are fine, Canberra-Melbourne is a bit fiddly sometimes but nothing we can’t handle, and we have drives to Brisbane and Adelaide planned. It hasn’t been completely hassle-free but we knew we were in for some early adopter rough edges and those are only getting smoother with time. Love our EV, no plans to go back.",3
1drsvnc,"I'll buy an EV once there's one that isn't an IoT device, or has a tablet dashboard.",3
1drsvnc,"EV owner here. I'm extremely skeptical about that survey result. All EV owners I know love them and the phase ""never going back"" is said frequently. No longer getting screwed at the pump, less of my money is going to saudi and the oil cartels,  charge on solar or at various free chargers around the city , no more carcinogenic fumes when back out of the driveway, awesome acceleration, pre-heat or cool the car in the garage without killing my family from carbon monoxide. Downside: having to correct all the fake news in the tea room at work, including (in my opinion)  the article posted by OP. Just today a new EV owner (2 months) told me ""gee all the stuff you hear about about charging and range anxiety is really a non-issue isn't it"". Yes, yes it is.",3
1drsvnc,4 years in with the first EV and 2.5 with the second. I'd chop my fingers off before going back to ICE.  Simple as that.,3
1drsvnc,"Based on their history I’d take anything on Car ‘Expert’ with a grain of salt. 
We bought our first EV at the start of 2020. The idea scared the shit out of me. Then the world fell apart due to Covid, and I had just bought the most expensive car I’ve ever owned. But everything turned out ok. We had several family road trips when lockdowns eased. Most over 1000km up to Queensland and around NSW. 
Sold it 3 years later in 2023 with 100,000km on it and brought another one, and sold our second car which was still an ICE, and bought a second EV. So now we have two EVs and wouldn’t look back. We live semi rural so nearest fuel station is a 40min round trip away. 
Each EV costs us about $3780 per year for all running costs and the finance. That’s including power costs to drive each car 40,000 per year. Which is just unbelievable for two $70k+ cars.",3
1drsvnc,where can i get a 70k EV that costs only $3780 per year including running costs and finance???,1
1drsvnc,"Future cars will definitely be EV. We've done 40k km in our first year and it's been great. It's infinitely better in day to day commuting and roadtrips are no different for us, only cheaper. Public chargers here in rural WA have been very reliable and most caravan parks have chargers now too for overnight. The amount of chargers around us has essentially doubled in WA/Perth since we picked the car up mid last year.",9
1drsvnc,Yeah it's great to see. I'm out towards Kalgoorlie atm and we stumbled across some new public type 2 chargers in a random mining town a little way off the main highway. Won't be long before they are everywhere.,2
1drsvnc,"Non-EV owner, but recent new car purchaser (2023). I think of myself as an early adopter techy type person who loves the idea of limiting carbon emissions. Bought ICE because renting and no way to get the thing charged. Otherwise, would have been looking a what is on offer, but the expense/build quality/CEO of Tesla is a real turn off. The alternative (Chinese brands, mainly) are a bit of an unknown. But while renting, EV is a straight no, not even worth looking.",5
1drsvnc,I live in an apartment complex without home charging and I do fine. I mostly work from home but even then I get enough charge to run about from my couple of trips to the local shops were I can ac charge for free. Or once a week I jump on a dc charger for 20 mins. If I do a weekend trip to the goldy I’ll just stop in at an Ampol charger on the way back. You don’t really need a home charger tbh,2
1drsvnc,"All EV household, will never go back.
Love the instant torque, it's addictive.
The $3/100km, energy independence and convenience of charging is a bonus too",9
1drsvnc,"No effing way that number is correct. I won't be going back (though I'm still hesitant to have 2 EVs, we currently tly have 1 of each) My work has a decent number of ev owners and I'd hazard a guess that not one of them would go back",9
1drsvnc,"Rubbish. I have a 2020 model s, and we just bought a 2022 model 3 for only $39k, total bargain and a great second car. Never going back to ice. We do around 800km a week, and charge off 13kw of solar. Having a second EV is actually easier now because we can charge one during the day, and take the other one.  When I bought the S I was the only electric car at work, now there is like 15 of them in the carpark.",7
1drsvnc,Can I ask where you got a 2022 for $39k?,1
1drsvnc,"I’m never going back and I’m a car guy, to clarify I have 4 ICE cars and 1 EV. 
My EV is my daily driver, as a daily it’s just a better form of transport for my situation, an ICE car cannot compete. 
I drive about 700km a week and this is when EVs make sense provided you can charge at home or work but doing big ks everyday is where they shine. 
My current repayments are only a couple of hundred a month more than I was paying for fuel, I spend about $55-$75 a month on electricity, the car will soon be 6 and has had one service at 4 years old. It does 0-100 in around 4 seconds and is comfortable and quite. 
I plug it in usually every night and it’s full when I get up to go to work, it’s climate turns on 30min before I leave so the car is warm and defrosted, same can be done in summer… so many benefits. Public charging sucks except for the Tesla network and even this is getting crowded now, I do use public charging but only on roadtrips. I don’t dispute the article “facts” but I know multiple people with EVs and none of them are going back to ICE, lack of home charging is a hurdle and I wouldn’t have one currently if I could not do this.",8
1drsvnc,So long as I can charge at home I will never go back to ICE. Public chargers aren't there yet with broken chargers and cars just sitting in charging bays.,5
1drsvnc,"Loved my Tesla M3 but had to sell to buy a Diesel 4 x 4. I’m travelling around Australia towing a caravan and unfortunately EV’s cannot do this effectively at the moment. I will be selling the 4x4 when I return and going back to an EV. Great value, amazing tech and low cost of ownership.",3
1drsvnc,"For daily drive I would never go back to ICE. EV is vastly superior for city school dropoffs, shops, weekend run around etc. No way in hell an ICE can compete with that. For a second  car it has to be a PHEV, so we can do road trips. If you're a 1 car family it's a tougher choice, depends if young kids or not. No kids, go EV. No trips ever, go EV. Kids and a few trips per year out of city? Don't, get a PHEV.",4
1drsvnc,"I have a 4 year old and 1 year old and find that even on long trips in the petrol car we are stopping to give them breaks and play time/ get food anyway so it hasn't been at all a compromise to find time to charge the car. For me the EV is the biggest compromise when you don't have kids and want to drive interstate 1000km+ a day as fast as possible sharing drivers. I have driven around nearly the whole country at various points and did Perth to Melbourne in 4 days about 8 years ago and there is no way that would have been possible in the EV but having done that driving alot (driven around the whole country). But it also sucked and was, in hindsight pretty dangerous with fatigue so it's a compromise I am perfectly comfortable with.",1
1drsvnc,"No, I won’t go back. In the time I’ve owned an EV (a little over 2 years) the charging infrastructure and market options for my next car have improved out of sight. I can only imagine how good it will be the next time I’m looking for a car.",6
1drsvnc,"If you've driven one you know. EV cars are a welcome change. I won't go back. If you haven't driven one, take one for a test drive and you'll know..",5
1drsvnc,Driving an ICE car feels so unpleasant now. I could never go back.,9
1drsvnc,How? I had a ride in an EV the other day and it was exactly the same experience.,5
1drsvnc,"To be honest riding in an EV is not much different. Driving is where the big difference is, they are much better to drive.",6
1drsvnc,"I agree with this. I have two EVs my garage and when I travel for work I will always pick “Comfort Electric” on Uber. I always say to myself, that sitting in the back of an EV you don’t really notice much of a difference especially comparing it to some hybrid or PHEV options. The difference is behind the wheel.",5
1drsvnc,Riding I think there are differences. If your driver is a shit one the regen braking can make it unpleasant. The driver has to put a bit of effort in to make it smooth,5
1drsvnc,"I'm an electrical engineer. I've wanted an electric car since I was in high school in the 1990s. I like the simplicity and the efficiency. Instant response, near silent especially at low speeds, no gear shifting discontinuities as you accelerate, doesn't stink, never have to go to a petrol station again, brakes last nearly forever, no oil changes, barely any other maintenance needed other than tyres. Super convenient to always leave the house fully charged. I appreciate that this is not everyone's experience (especially with Australia's shitty non Tesla public charging infrastructure). But I love it and will never go back.",15
1drsvnc,Great. Thanks for sharing. I can see why you like it.,7
1drsvnc,"Have had a Tesla for past 3 years.  Reliable, faultless, plenty of charging in my area and to places where I want to go.  Wouldnt go back to ICE unless price was a significant factor (used car etc).  I own a motorcycle however, so get my fuel-burning fun that way, at a fraction of the cost.",2
1drsvnc,"I have had EVs for the last four years, the only ICE I would consider is a classic 1960’s Landrover for to spanner on.",2
1drsvnc,"A lot of the results in that survey are being twisted or exaggerated by the article, it mearly states that under half would consider switching back, not they are intending to sell thier EVs and buy ICE.. The people that I know who own EVs are all perfectly happy with them and tbh, I would take one on as the family shuttle if they represented better value.",2
1drsvnc,"EV owner of almost 5 years here. Had one of the first Tesla model 3s in Australia. I promised myself I'd never spend over $40K on a car but I figured if I kept it for 20 years it'd pay for itself so made the stretch. It felt special when there were very few others on the road with em. It felt like I was driving the future with the seamless torque on tap and extra Bluetooth connectivity. My previous main was my mum's BMW 3 series and that felt like a Nokia compared to my iPhone (a more solid and better built but cumbersome Nokia mind you). Today, with so many around it makes me happy. Sure it doesn't make me feel special anymore as they're the new Corolla but I expected this. Being an earlier adopter I expected to be paying more and for them to ultimately be ubiquitous. Both have come true and you don't get anyone wanting to race you at lights anymore which is good cause I'm middle aged now and responsible/boring. It's great to see more on the road and the price go down as it will contribute a little somewhat to slowing down climate change and the second hand market will be flooded with even cheaper EVs. Would I go back? Never. Ease of charging once or twice a week overnight in my garage it's just like plugging in a mobile phone, I only use the travel charger as well so it's pretty slow but I haven't found a need to use the faster charger supplied. The smooth, easy, instant power on demand makes merging a cinch. Those are probably the highlights. Smaller things are less maintenance, I've had to get a squeaky swing arm replaced about 3 months out of warranty for just under $900 which was a not uncommon problem for 2019 models but outside of that nothing. Other small things are having air-conditioning vents/temperature, side mirrors, seats, Spotify/radio, driving characteristics set up to driver so when my missus drives the car (we're a one car household) then we don't need to adjust them, it just knows who it is from whose phone is closest. I'm sure many other ICE cars above $40K do that these days but it's still nice. I like the large screen and since most things are personalised to the driver there's minimal interaction required of it outside of Spotify and GPS which you wouldn't be using physical buttons for anyway. Also having a third of the screen dedicated to the cars view of what's going gives me more confidence in ""autopilot"" as I know what it's thinking. I've used Toyota's drive assist on highways and I'm not convinced that's it's worse than Tesla's but I wasn't as confident as there wasn't an indication that it knew what was going on, where the lines where, where the other cars where. I would not recommend them unless you had a garage, car bay or place at work to charge though. I would still get one myself but I couldn't wholeheartedly recommend it. It almost negates any advantage having to charge at a place that might be inconvenient or time consuming once a week. Hybrids are pretty economical these days and Toyota is reliable. Some complaints I see from car reviewers about electric cars are that they are soulless and don't have character and I would agree. They've democratised acceleration so most are pretty zippy and don't have exhaust sounds so there's that and there's no rumble. I guess it all adds to the experience but TBH most people I think just want a reliable car to get them from A to B that is relatively quite with enough power. It's kinda like comparing Spotify to a turntable. There's more going on with a turntable, the tactile feel of picking up the record, positioning it on the platter, turning it on, lifting the needle and dropping it, crackle, crackle and music with the occasional inconsistency but more warmth and character. It's great, especially if you're an audiophile, but most people just want to search for artist and press play and get the same result reliably even if it is a little cold and soulless on comparison. I just wish Elon wasn't a dick. I've seen a ""I bought this before we knew Elon was crazy"" bumper sticker which I was tempted to purchase.",2
1drsvnc,"EV owner here (Cupra Born). I have never been one of those guys that just loves cars. For me they're just a way to get from point A to point B. But for travelling around town or even for that weekend away, the EV is quiet, smooth and so comfortable. Pick up is fantastic. Maintenance is minimal, electricity compared to diesel or petrol is a lot cheaper. I would never go back to an ICE. I see a lot of neg press in the media, but that just seems like a concerted attack on ideological grounds.",2
1drsvnc,"I'll bite with an unfair comparison. A base model Tesla Model 3/Y here in QLD is 59k drive-away. If you started to jump on manufacturer websites and looked at drive-away pricing you would realise it's not horrible. Those brand new Landcruiser 300 series you see everywhere at the Woolies car parks start at ~110k driveaway, which no one ever has the base model. People who haven't looked in a hot minute or aren't even slightly interested in cars really don't realise what they can cost. They brand new Rangers that you see everywhere? 72k drive-away, Hilux's are ~68k driveaway. Yes it's an unfair comparison comparing a Sedan EV to Utes and full sized SUVs, but what I'm getting at is those three cars alone you will see 20 of them on the way to work without realising it and they all cost a ridiculous amount more than a Tesla. I used to sell VWs a few years ago, most popular Tiguan model we sold was more expensive than a Model Y drive-away. Cost to buy really isn't anywhere near as bad as you think. If you were to compare it to like an MG it would be expensive, but when you cross shopped it to other cars that are popular in the category they're not that badly priced. People also have that mis-conception that EVs are over 100k when they aren't.",4
1drsvnc,My last car was a Trailblazer. I run a monthly budget for my cars. Cost of ownership is less for the Tesla.,4
1drsvnc,"Agree on the 7 seater front although that is changing, but if you’re looking for a hatch, medium suv or sedan they are at about price parody with ICE engines now.",3
1drsvnc,My kids just sold their Isuzu 4WD and bought a Volvo EV (they do 10kms on the dirt twice a day). Both on novated leases - the EV was $250 a week cheaper than the Isuzu before fuel savings.,3
1drsvnc,"Personally I'm much more confused how people are affording rams that are 120k + and drink 13ltrs per 100km. I used to drive a 75 series landcruiser before the EV and no one puzzled at how expensive that was (it was an absolute money pit, far more so than the EV).",2
1drsvnc,"Everyone who is in a higher salary band and can do maths is leasing them.  Costs about the same as a corolla because of the way the tax, fuel and reduced servicing works out.... and they do give you a decent budget for tyres as well :D",2
1drsvnc,"Novated lease is how. For people on high tax bracket, the tax savings (plus the saving on offset account opportunity cost) makes the effective cost so, so much lower. Personally the cost of leasing my 81,400 dollars Tesla for 5 years (and paying it out in the end)works out to be roughly similarto keeping my previous 25,000 dollar Mazda 6 for the same 5 years. In other words, I got a free upgrade from a 25,000 dollar old Mazda to a 81,400 dollar long range Tesla. (which is even cheaper now since I got it...) I do sit on the top tax bracket so enjoy the most saving. When other people do the same maths, they may not find as outrageous as me; however you would be surprised that if your current car is something that's still worth some 20 to 30,000 dollars, swapping over to say a BYD that's worth some 40,000 dollars may actually cost you similar or even less. Without novated lease it is still possible for people to come out ahead on an EV but that's often with an additional factor e.g. people who drive HUGE mileage like 30,000 to 40,000 km a year, where the petrol savings alone quickly add up and make up the initial price difference quickly.",1
1drsvnc,"I work 12 hours shifts and do 1 hour commute everyday, I know I can just jump on my tesla and rest when I go to work. And by the end of shift I know I am in safe hand to be home safely no matter how tired I am. No ICE can give me that. And I don't have to arrange time for fuelling, service etc for the car, so I can focus my life on work, family and leisure.",3
1drsvnc,I genuinely have no idea what this comment is supposed to mean. Safe hands why? Less likely to break down? What do you mean arrange time for fuelling? You literally just re-fill at as a petrol station at some point below half and it takes 60 seconds. At best you are maybe saving a few minutes a week?,2
1drsvnc,"I know 2 people who bought EVs & went back to ICE within a year. 
One because of difficulty charging. 
One because of lack of range. 
Both were Tesla's i think. I think in the city IF you can home charge? EVs probably okay. 
But Regionally and you are doing fair few Kms / day. They aren't very great. Have to stop too long to charge them. 
One of people I knew was a busy doctor. He said the charging just drove him nuts.  No where he had to go (the hospitals or private practice etc) had chargers. Hed get home exhausted at night and forget to plug in😯 So then he'd be stuffed the next day. 
Just found the adjustments hard to manage. 
Bought an Audi👍",4
1drsvnc,"Hed get home exhausted at night and forget to plug in I don't understand this, if you have an EV and can charge at home just plug in everyday. It takes literally 5 seconds and just becomes part of your normal routine. Plugging in your EV every night is the same level of difficulty as charging your phone every night.",7
1drsvnc,"I think that is part of the problem.   There is a bit of a chicken and egg with charging.   The only way you really get over that is critical mass of cars. Was up at Hotham today.  I think there was about 20 Teslas Y long ranges on the hill. For us, we just plug it in at night - it's not super hard to remember to do.  It is literally like having petrol pump in your garage.",2
1drsvnc,"Interesting comment about doctors. I am a doctor and more than half of the doctors' carparks are now EV. Every one whom I know is an EV driver simply loves the drive. The huge tax saving via novated saving is another big reason. Also most modern EVs have at least 350-400km range - unless that doctor is driving some 200km each day, forgetting to plug in one day is not really a huge problem as they should still be good for the second day. (I personally charge only once a week due to shorter commute) And if they still forget to plug in the second day, this is more likely to be a very individual issue.",2
1drsvnc,It’s like asking a cult member how’s life in the cult when other cult members are watching you,3
1drsvnc,If I had to commute in a car again. Nothing will beat an EV when it comes to transport duties. I had 3ph charger and solar setup for my garage though.,2
1drsvnc,"The whole EV vs ICE thing is tiresome. Our EV experience has been great. Our ICE experience has been great. Will keep getting one of each. EV: Family car, smoothest experience to get from A to B. ICE: Manual sports car, for when we want to have fun getting from A to B.",2
1drsvnc,"Ev owner here, I think it works for my situation, where we have an ice vehicle and an ev, the ev for around town and the ice for long distance trips, it works very well and I enjoy it only thing is that i just lease the ev cause I don’t wanna face the poor resale value, but other than that it’s a great experience.",2
1drsvnc,Ev here.  For day to day our ev is great.  For longer trips I get range anxiety because byd seal restricted to 7kw charging so I'd need 2hrs for a meaningful charge and a lack of facilities at my destination.,2
1drsvnc,I thought the Seal has a 150kw charge limit on DC? AC 11kw?,1
1drsvnc,Jim Farley (ford CEO) loves EV's too,3
1drsvnc,"Your account is too new to post in this Sub. This has been implemented as an Anti-Spam feature. As a result, your comment has been removed. I am a bot, and this action was performed automatically. Pleasecontact the moderators of this subredditif you have any questions or concerns.",1
1drsvnc,"Your account is too new to post in this Sub. This has been implemented as an Anti-Spam feature. As a result, your comment has been removed. I am a bot, and this action was performed automatically. Pleasecontact the moderators of this subredditif you have any questions or concerns.",1
1drsvnc,"Your account is too new to post in this Sub. This has been implemented as an Anti-Spam feature. As a result, your comment has been removed. I am a bot, and this action was performed automatically. Pleasecontact the moderators of this subredditif you have any questions or concerns.",1
1drsvnc,Dies anyone have a link to the specific asked?,1
1drsvnc,"I actually love my Tesla. I could also see myself buying a non EV next, not because I don’t love the EV but just because I like choice and I might want something different. Owning both an EV and a petrol at the moment, I prefer the convenience of the EV for all but very long range travel.",1
1drsvnc,"Love mine and would never go back to combustion engine car.  Never have to worry about petrol prices again.  It costs about 1/10th to run as we have solar and 8c after midnight electricity.  The charging is programmable. Someone said insurance is higher but have not found that, except that all insurance has gone up heaps the last few years. We've done a few interstate trips with no issues.  I love it",1
1drsvnc,"EV owner, important to mention that I am living abroad in Europe. The thing over here is that the shorter trips and large population density is a charm however most of us live in high density living and don’t have access to a charging point at home. So you’re forever planning your next charge and range anxiety is now a thing. Also, long distance holidays with the car is no longer a thing. Once you’re out of Western Europe the charging stations drop off and you can no longer just pump out a 12 hour drive straight to Austria to ski as you require multiple stops. I do however love the drive and instant power provided with an EV. It’s so pleasant to just to take off smoothly and with lots of power. Mines a novated lease style car that had to be an EV for tax purposes and by law. I would never pay the actual cost for the car out of pocket as I could pick up an ICE for half the price.",1
1drsvnc,"Well, I reluctantly moved to ev while keeping my current small ICE car (6.2 l/100km). My major reluctance was about charging. Initially, I was spending 40-60 minutes at DC charging, paying about 30% less for fuel. Now, I simply plug it in the wall charger, just a regular 3 pin  plug. It charges overnight. 
I drive about 5-8 hours for Uber on weekends and my car is charged to 100% overnight from about 50-60% to 100% in 8-10 hours.
Unless you drive 400 k’s a day, and not parking it in a place for up to 6 hrs with access to a power point, I don’t see why charging can be an issue.
The advantages are 1. Silent, 2. Additional boot space, depending on model, you’ll get Frunk too
3. No costly annual service 
4. A better and advance infotainment system
5. If you get crazy sometime, go from 0 to 60 in a zap on signal. I’ll not recommend it though.
6. Depending upon model, you can get a flat floor in the back. It makes a huge difference in comfort. Disadvantage 
1. Initial anxiety about charging for first couple of weeks.
2. The tyre change is earlier compared to to ICE cars.
3. If you are out for 7 seats, very limited options at the moment.",1
1drsvnc,"I would never going back. I don't see any reasons why anyone would want to go back. EVs are more powerful, smooth, quiet. No oil changes or spark plugs, no exhaust gasses in a closed garage, no smell. Charging is free or super cheap. 
And I never had issues with public chargers in QLD and I never even worried that I won't make it to somewhere. Just like in a regular car you have 20sh % left look for a charger.
It will take 30min to top up usually yes it is longer than a petrol refill, but I don't care much about this and combine charging with toilet breaks, shopping eating etc. I think this article was just a master class in twisting test results and wording things differently. Someone needs to check them. I'm a bit tired of all this anti EV bs tbh.",1
1drsvnc,"Only 6 months in, but I would never go back and I had what I'd consider an economical ICE Once you get used to how to drive them, your efficiency and distance goes up a long way, also after you've done you share of the 0-100 in under 4 seconds.... I consistently now get over 500km on a charge so haven't had any issues in medium to long trips. Maybe I've been lucky to just get a charge park when I'd be stopping to eat anyways? Haven't paid a cent in charging due to solar and free charge options out there in my day to day use. (Other than fast charge stops on super long trips)",1
1drsvnc,"I wonder if PHEV ownership was part of this survey. As a pure EV owner the total cost of ownership is way lower than any ICE car I’ve ever owned!
Definitely never going back to ICE.",1
1drsvnc,"But how is that fun? I get the responsiveness and comfort aspect, but genuinely curious as to the fun bit.",1
1drsvnc,"Tesla m3 owner. Absolutely no way we would go back to petrol, when our other 16yo Toyota Corolla finally dies we will get another EV - maybe Tesla, maybe other, who knows how long the Toyota will keep rollin. We drive the Tesla around 30k km/yr. Tech is great, comfort great, highest self driving is a godsend. If they crack the off-highway self drive in AU we will probably buy that addon. Zero battery concerns. Charging at home is also super easy.",1
1drsvnc,Byd atto 3 owner here and no chance will I go back to ICE,1
1drsvnc,For now hybrids would work better for us. When you are 400km from your parents you want something with decent range.  A hybrid where we can potter round town on electric but have the range to drive to perth without having to sell the car when its range decreases below 400km is the go,1
1drsvnc,Best car I’ve ever owned. You can’t make me go back to an ICE after an EV.,1
1drsvnc,I would buy another ICE car to compliment my EV.,1
1drsvnc,"Honestly I have an EV and sometimes think about getting something fun and revvy as a second car, but even that makes me dread the thought of putting petrol in it. I won't rule out ICE in the future if we decide to start doing lots of road trips, but it will take quite a lot",1
1drsvnc,"We are a 2 car family, both EV's and I can't see  that changing unless there is a change of circumstances. Most of our driving is within 45 minutes from home, with the occasional 2ish hour trip into and across Melbourne. All of this we can do with just home charging. Recently we had a few weekends away involving paid charging and found the charging stops coincided with rest and meal stops and averaged around $10/100km, but further into the country the possibilities to charge were less frequent and may have led to waiting if we were unlucky.  I did find it very surprising (and a bit annoying) that chargers, specially the ones located at service stations, were all well off the highways and not in the highway service centres.",1
1drsvnc,If you guys need a cheap ICE I hear the AU Falcon is alright..,1
1drsvnc,"I've had my EV since 2018, and would never go back. Range anxiety is real, but I've never been caught out, and the technology has improved a lot since then.",1
1drsvnc,"Depends or circumstances. My elderly mother loved her EV, but the apartment complex would no let her charge it due to insurance, so she went back to a Toyota Hybrid. We have a small EV for the city and a mid ICE-SUV for road trips / Bunnings, but I might change that for a PHEV one day soon.
Best of both worlds.",1
1drsvnc,"We've had an EV for 15 months. Driven 44,000 km in that time. I work in sales and drive 500km + a week. There is no charger at home, but options in the area (Brunswick,  Victoria). Mostly recharge a couple of times a week early in the morning when I take the dog for a walk (30min) and continuously look for trickle chargers during the days stops for bonus,  often free charging. We've also driven long distances and found the experience easy and mainly stress-free. Driven from Melbourne to; northern NSW, Wagga-Wagga, Bendigo, Lorne, Torquay, Wangaratta, Mornington peninsula, Yarra Valley and more. Would absolutely not go back to an ICE vehicle. My recommendation is to consider a novated lease for EV's. Save on GST of vehicle purchase, low to no servicing costs and huge PAYG tax savings. Comparable novated lease for and ICE is almost double. Currently, running cost is less am than $4 per one-hundred kilometres for charging.",1
1drsvnc,"Happy with my Tesla. Not a matter of “going back”. I also own a 1977 Ford with a V8. I’d buy both electric and petrol again. Different use cases and experiences.
I use my Tesla daily though and that’s likely to stay the case.",1
1drsvnc,"I have a PHEV. It's charged on solar, and even with its 50km electric range I've only had to fill up the tank once in 5500km. I'd never go back to weekly petrol visits and cursing the fucking stupid petrol prices.",1
1drsvnc,"I bought a Tesla Model Y LR about 4 months ago, have done approx 14,000km in that time frame, which in my old vehicle would have cost about 2k in fuel. Longest one day trip so far was about 400km, which with the autopilot was more pleasant that any other vehicle I have owned. The charging network in Central and Western Qld is adequate for the most part but could do with some improvements. Tesla cutting the price of the vehicle not long as after I bought was mildly annoying, but I plan on holding for about 10-15 years anyway so not a big deal. Wouldn't go back to ICE for my daily driver that's for sure.",1
1drsvnc,"Have a Tesla Model 3. Do not regret the purchase at all, but I'd only buy ICE or PHEV for my next vehicle. The Tesla is crazy economical, but I don't need 2 econoboxes. Next car will be probably a G20 M340i or G20 330e worst case.",1
1drsvnc,bought a model y in 2022 and just got my jimny. love both.,1
1drsvnc,"I am on my second electric registered scooter (first was stolen), and my mum also has an electric car. Neither one of us would go back to ICE. More charging terminals will make the experience better, but having been on a 2 week touring holiday it really wasn’t an issue finding charging spots. There are certainly more places to charge a car than an electric motorbike.",1
1drsvnc,"Recent car buyer here: really considered an EV but for a peace of mind ended up going for an ICE and a lug & carrie ebike. Being renters, if our situation changed, it would be easier to move with an ICE. A combination of the ebike & public transport covers most of what we need (going to work, school runs, groceries, etc) while the ICE covers everything else (mid distance trips to the beach, longer distance trips out of town, etc)",1
1drsvnc,"Own 2 cars, Volvo XC40 Electric (EV) and Skoda Kodiaq (ICE). Love both cars, and use them for different things. Volvo is our daily run around. We have installed a 7KW charger at home, and prob charge it once a week. Have solar as well, so charging costs us around $10 in Winter and $0 in Summer. Add to that servicing every 2 years, and lower insurance, and its a win win all round. We use the Skoda for bigger trips and camping - I drive Sydney to Canberra a lot for work, and it packs so much gear for camping....its a great workhorse of a car, super comfy and i cannot recommend enough as an ICE car. Once its dead, we will prob get either a hybrid or another EV, as hopefully by then, the charger network is better. For people whom complain that it takes 20 - 30 mins to charge an EV, get a coffee and relax...its really not that long.",1
1drsvnc,"3 Years M3P owner here. Just put a deposit down on a Mustang. The lack of maintenance and charging at home has been great. I drive 114klms round trip to work 2 or 3 times a week. The car is smooth and blindingly fast, but for me there is just no passion in it. It's a soulless drive and I'm sick of the promises not being realised by Elno. I'll enjoy the Mustang and come back to EV in a few years. I get some people don't care about things like that but with the distance I drive I want an experience, and I can afford the running costs.",1
1drsvnc,"Absolutely would NOT go back to ICE. Fabulous city car. Mostly chargers using our excess solar power. 
Long trips just take a small amount of planning. You aren’t meant to drive all day without breaks. Charge while you have lunch, or stop for coffee.",1
1drsvnc,"I sold (luckily) my Tesla Model 3 in January for $70,000. Today, the new owner is selling it for $50,000, even though he only drove it an additional 10,000 kilometers. The car has a total of just over 25,000 kilometers. Other electric vehicles (EVs) might be more cost-effective.",1
1drsvnc,EV owner (I bought a used 2021 Ioniq Electric) and would not go back to ICE. I charge at home on solar and the 370km range I get is plenty for me. Very awesome car and have no complaints so far.,1
1drsvnc,"The news articles on this report are just more deliberate EV rage bait to get clicks. All these outlets have all deliberately misreported the findings and hoping their readers just eat up whatever they say without ever reading the actual report! The report says 50% of EV owners would consider an ICE for their next vehicle purchase.... At no point does the actual report say it would be to replace their current EV. And that is the important but of context that all these outlets are deliberately leaving out. The report found that 50% of EV owners said their next car purchase would be an ICE...because their most recent car purchase was an EV! So their next purchase would be to replace whatever other cars they own ie. The 2nd car in the household. Most of this 50% mentioned 'range anxiety' as the reason, which is true... because car owners don't want to be locked into potential range anxiety if they want to go on a long trip and their household only owned EVs. That's a fair call. I am really getting sick of all these media outlets deliberately leaving out context from a real report to paint their own negative clickbait narrative. Does my head in sometimes.",1
1drsvnc,"Your account is too new to post in this Sub. This has been implemented as an Anti-Spam feature. As a result, your comment has been removed. I am a bot, and this action was performed automatically. Pleasecontact the moderators of this subredditif you have any questions or concerns.",1
1drsvnc,"Never going back to ICE after how easy owning my EV has been. I love not being anxious about timing for the lowest petrol prices. That said, I don’t know how good the experience would be for those who have no rooftop solar or ability to charge off the street",1
1drsvnc,"Sounds very dodgy survey. I’ve had EV for 2 years would not go back to ICE. EV costs next to nothing to run, fast and fun to drive. My second car is an ICE, guzzles petrol like crazy and always needs something fixed at servicing! Will replace with an EV when it karks it. Not sure why so much hate for EVs on here? Owning one is a no brainer for me.",1
1drsvnc,"Has anyone found a reference to the actual questions asked? Because I suspect the conclusion being drawn is not reflective of the question that was asked. Many EV owners (myself included) probably own more than one car. If they say their next purchase is likely to be not an EV, that doesn't necessarily mean that they are unhappy with the EV in any way or that they don't play to buy further EVs in the future. Currently EVs don't fill every market segment, but they are great commuters. I have a BYD Seal, and it's been absolutely fantastic for the four months I have owned it so far. Public charging infrastructure needs to improve, but it hasn't been an issue for me, as I almost always charge at home or at work. Range has been great (a reliable 500km most of the time), but I have not taken it on too many long trips. As for my next car, as it would most likely be for towing a camping trailer long distances, it possibly won't be a pure EV, but it may depend on what models are available at the time. PHEV is maybe more likely than BEV.",1
1drsvnc,"Have an EV - I am going to buy an ICE car as a fun/weekend car, but wouldn't consider one for my daily driver. There are just so many advantages - no servicing, can charge at home so don't need to bother going to the petrol station, cheaper to run, novated leasing benefits, better in traffic (fewer components to wear out, no issues with short trips like oil dilution, engine not getting to temperature etc). It is fine on long trips as the most common run I do (Sydney-Wagga) can easily be done on a quick top up at Goulburn where I stopped for a coffee when I had an ICE car anyway, so the time difference is minimal. Occasionally in rural areas the chargers are a bit shit but this has been improving pretty quickly.",1
1drsvnc,"EV owner here, no way would I go back to an ICE car. Any minor inconveniences related to charging are outweighed by the massive amount of money I save by not having to pay for petrol.",1
1drsvnc,"I would be interested to know who funded the survey and how the questions were phrased. As Twain said, there are three kinds of lies, lies, damned lies and statistics. As a member of a dual car household with one ICE and one EV I am very happy with both. When replacing the EV I expect to replace it with another EV but probably not for another 5-7 years. When replacing the ICE I would love to get a PHEV but realistically I can't see any being available that suit my needs in the next few years (high country 4x4 and family touring with camper trailer). Public charging isn't an issue in my EV as it has a private charger network that has significantly more available chargers than other brands. For example, were I to drive to Canberra from Melbourne there are 7 different locations to stop at and charge and each location has at least 6 charge bays. If I didn't have the ability to charge it at home then it would be a deal breaker. But I do and I love the convience of just plugging it in once or twice a week. I don't miss sending my money to OPEC.",1
1drsvnc,Put 45000km on mine in the first year and house is off grid so it provides a backup power source over winter. It's a great bit of kit. Have a second petrol car at the moment ostensibly for 'road trips' but every road trip I've actually  done since getting the ev I've done in the ev anyway except for when I've taken my bike (just as I have the bike rack setup on the petrol car). Charging network is still developing but it doesn't take as much infrastructure as you would think because of home charging but more than one fast charger in each town would be good just for redundancy. Looking to trade the petrol car in for a second EV soon. Just waiting for this insane depreciation that everyone keeps telling me about to reflect in actual used prices.,1
1drsvnc,"Your comment has been removed. Surveys and polls aren't allowed here. I am a bot, and this action was performed automatically. Pleasecontact the moderators of this subredditif you have any questions or concerns.",1
1drsvnc,"We'd never go back to ICE.
Low income family but we own our all electric house with solar. 
Our young child is disabled and attends a specialist school across the city that requires me to drive 12 hours a week just for that. 
All other driving is a handful appts a week and the typical locations.
My husband became physically disabled and can't drive anymore, so we only have my car. 
Thousands a year in petrol savings which is vital as pensioners, given my lates 30s husband will never recover and my child will never drive/be independent so our situation won't improve. 
Minimal charging costs due to even our small solar setup, no engine sound upsetting our child. 
We're either always in our city, an hour to the major city for family then a rural town 3hrs away to see my parents which is within range and has chargers there. 
I just wish there was cheaper EV cars for the other families like us who have a significantly disabled child or partner who don't own their home and can't qualify for car loans high enough because they are pensioners.",1
1jkmu0m,"EV drivetrains are the great equalizer because they are much simpler. It's partly why the Chinese have been able to get so many decent low cost EVs out so quickly. instant torque, way fewer moving parts, no transmission to worry about etc.",96
1jkmu0m,100%. I've got 2 Chinese EV's. I've needed a couple of minor cosmetic issues sorted under warranty but I've had no issues with the drive train. Rock solid.,7
1jkmu0m,"This will make an incredibly cheap house battery once we can get V2L/V2G. How much are batteries now, around $12k for 15Kw/h? Here is a 51Kw/h LFP battery with a free car wrapped around it for $35k.",35
1jkmu0m,"Yep, it's mind boggling how house batteries aren't cheaper. Cars batteries also charge and discharge at much high rates have to be packaged into the floor, then the rest of the car built around it and the price per kW is less than half a house battery!",15
1jkmu0m,"Half the price of a house battery is in the inverter and, at least initially, it’s going to be the same for v2g. The price will come down, but expect to see high 4 figure prices for v2g inverters until at least 2026",3
1jkmu0m,Competition.  And Chinese cars are subsidised by their government,2
1jkmu0m,"All battery cars are way cheaper than house batteries in dollar per kWh, not just Chinese. It's ripe for someone to come in to a country like Australia and have them decently priced and make a killing. I feel the v2g will be the way to go though rather than house batteries in terms of cost within 5 years.",1
1jkmu0m,I just paid $23k for 40kW of house battery storage (5x 8kW LFP Sigenstor @ $4600 each).  Batteries are cheaper than you think.,2
1jkmu0m,Could I PM you? I've been looking at that system for a while,1
1jkmu0m,"Sure, although when I said ""just"", I meant it. They only started installing the system today so I don't have any feedback on it just yet.",1
1jkmu0m,"Glad you like it. Running costs are fantastic. Ignore the negative comments you will get from the haters, it's their loss. How are the Chinese cars so good? Well they have learnt from every automaker that builds in China and then improved on it.",41
1jkmu0m,"Beyond that, people seem to forget that nearly every one of their favourite electronic products is made in China. Who's better placed to make an electric car?",17
1jkmu0m,"On a short trip to China 5 years ago we saw more than half the taxis in a tier 2 city (population ≈ 4 million) had green EV number plates: mostly BYDs. I thought then, that with so many on the road, being flogged by cab drivers, that they would be learning more lessons, faster, than any other manufacturer, and that there was no way they couldn't soon be making better, cheaper cars than anyone else.",4
1jkmu0m,"Yep! BYD did what Lexus did, and I’m sure MG have done it too, (bought a top of the range merc and pulled it apart to see what they could copy). Genius.",7
1jkmu0m,BYD partnered with Mercedes to make the Denza brand. I believe BYD have now bought Mercedes out,5
1jkmu0m,"Wow, that’s intense. China is coming.",3
1jkmu0m,"BYD does not own Mercedes-Benz, but it acquired Mercedes-Benz's 10% stake in a Chinese joint venture. This joint venture, called Denza, was a partnership between the two companies to build premium electric vehicles in China, but Mercedes-Benz reduced its stake in 2021 due to poor sales.",1
1jkmu0m,Teslas sold in Australia that was made in China is built perfectly than the US made ones.,7
1jkmu0m,"That “Chinese goods” = “cheap poor quality” is an age old generalisation that refuses to die. The fact is there are parallel industries - the very cheap imitation and bootleg goods that are indeed low quality, as well as cutting edge technology with good quality control. People who denigrate Chinese goods often forget that Huawei developed top 5G infrastructure that US was raising security concerns about.",12
1jkmu0m,"Yep, China will build to any price and quality the customer wants. If the customer wants cheap and nasty, they build it. If the customer wants high quality and more expensive, they build that too.",3
1jkmu0m,"My mate has the Yaris cross, it was the most dogshit car I’ve ever driven. It was dangerously slow, but I’m sure it will last through the apocalypse. At the same price, I would be buying the MG every day of the week. The MG might have some things fall off it over the years, and the software will suffer, but any extra you spend fixing it up you will have saved that plus more in fuel. Plus a great RWD smooth driving experience. Can’t go wrong IMO",16
1jkmu0m,"It's got 114hp in 1200kg, it's not that slow. My Mum has one, it's not my taste, but it's far from the worst or slowest car I've ever driven, it's exactly what I'd expect from a small CUV.",10
1jkmu0m,"What a porker!
How do they make such a tiny car so heavy?
My old E30 325i was 1200kg",3
1jkmu0m,"It's bigger than an e30. It's shorter by 140mm, but 120 wider and 200 taller, wheelbase is identical. It's a hybrid, has modern safety and tech, and costs about 1/5th of what an e30 325i cost when new (adjusted for inflation). It's not really heavy.",2
1jkmu0m,dangerously slow in the roundabout i know how it felt,4
1jkmu0m,I was shocked when I drove it man. They can get away with a lot under that badge that’s for sure,7
1jkmu0m,"Ok all cars will be good when new,I don't think there are any cars on the market which will break down when you drive off the showroom. People buy Yaris not for the now but for the future knowing that it'll be working just fine 10 years from now.",13
1jkmu0m,"i think OP is comparing the way it drives and accelerates. A base MG EV is vastly superior to comparable ICE on that price.Also the LFB battery in those MGs are rated 3000-5000 cycles, with 400 KM range that is easily 1.2-2 million Kms and that is only degraded to 80% without any regular oil changes and services etcSo I guess it would be hard for Yaris to beat that.",13
1jkmu0m,"The rest of the MG will fall apart before the battery does, although that’s the case with every new car with LFP batteries though, no matter how well built the car is.",9
1jkmu0m,"My point was that the car is going to last so long that the trim and panels will fall off before the battery dies. The suspension will go, the electronics will need constant maintenance and the battery may be better repurposed. I’m talking that could be at 750km in as opposed to the Yaris which will go much sooner",7
1jkmu0m,"ah yes, I absolutely agree with that.",2
1jkmu0m,"Yeah I think you’re right. Have driven my sister in laws one. It’s ok and it’ll be damn nice for a few years. But you can tell the body and the interior are the weak point.
I hate the nob to change from park, drive, reverse. That spring back thing will break at some point and then how will you get it to move?",1
1jkmu0m,"Yeah they really do cheap out on everything else, it’s just the drive train which should last a really long time. Totally agree, it will need a few trips to the shop over its lifetime I’m sure",1
1jkmu0m,"With the additional weight, I'd expect the suspension starts to become an issue. That can be steep, a friend recently paid $4k to have the suspension of an old Nissan Leaf redone. I'd also look to the cost of tyres, and back off that wonderful acceleration a little. The issue is going to be parts, and who knows? Look at Nissan's financial situation, it's possible that MG is the safer buy for parts supply a decade after sale.",1
1jkmu0m,"some misinformation hereThe suspension would be designed as such. A Honda odyssey is actually heavier than an MG4 ev, so the designers would not be that stupid to not compensate the suspension according to the weight.I have a model y now almost 50k kms and still have a good 15-20k on the thread. Some other SUVs i owned was running out of thread of tyre on the 50k mark",1
1jkmu0m,"Tyre brand will have alot to do with that. Also wheel alignment, balance, tyre pressure, driving style are important factors.",1
1jkmu0m,You’ve clearly not driven a Chery !,1
1jkmu0m,"The only thing I dislike about the MG4 is that I don't own 2. My wife drives the MG4 90% of the time leaving me with the ZS EV. Still fully electric, still more impressed with it than I was expecting to be for the price, but the MG4 is next level. The engineers deserve some sort of award.",6
1jkmu0m,is the MG4 that much better than the ZS?,2
1jkmu0m,"Absolutely. It's chalk and cheese. The ZS EV is just the ZS petrol with the ICE gubbins swapped out for electrics. The MG4 is built from the ground up as electric. The battery is literally part of the chassis. Every thing feels solid, responsive and intentional. The lightest touch of the wheel or accelerator and the car does exactly what I want it to do. It's significantly more efficient too. With roughly the same size battery my 2023 MG4 gets 130km more range than my 2021 ZS EV. Which is why my wife gets the MG4, she does the longer commute whereas all my driving is around town. EDIT: this is also why the ZS EV is now discontinued. A bespoke EV replacement (as in there won't be an ICE version) is expected later this year.",8
1jkmu0m,"thank you. I dont know why you are getting downvoted, but take my upvote. I love my Tesla but some of my mates want a cheaper alternative and I havent got a chance to compare both ZS and MG4.",2
1jkmu0m,Cheers. I'm sure there are some really expensive EV's that have better handling but I've not heard of a better EV for the money.,3
1jkmu0m,I mean 33k or so for MG4? Why would you buy a Yaris ffs? lmao,4
1jkmu0m,BYD dolphin has a trim that is just over 30k drive away,0
1jkmu0m,"Yes, and it's a pleasant FWD hatchback with a nice infotainment system but it doesn't hold a candle to the handling of the MG4. Depends what you want from an EV. Last month MG sold 451 MG4's whereas BYD only sold 44 Dolphins despite the lower cost of the comparable base models. (SOURCE)",3
1jkmu0m,"I would argue the Dolphin Essential can be better EV for the money if handling isn't as high on the list. I have one, and the handling is great and its responsive - its no slouch by any measure even if a slightly more expensive and arguably less comfortable MG4 is more performant. MG also had a sale on the MG4 last year which gave it a very attractive sticker price. Theres a good chance I would have ended up with one if the timings lined up - price was the ultimate decider personally.",3
1jkmu0m,"i think as long as you have an ev that was built ground up, it would be much better than similarly priced ICE.",2
1jkmu0m,"I think both are great cars and had the Dolphin launched before the MG4 I'd be sitting in a Dolphin today. But I'm very happy with the MG. Going by sales figures 10x more people find the MG4 the better choice. I do actually find that quite surprising, I would've expected that number to be much closer, especially given the better infotainment system in the BYD.",2
1jkmu0m,"Haha wasnt there a post on here where a guy bought an mg. 
Then 1 month later he made a post with it on a tow truck? For the price and warrenty if you just want an appliance i think they are a great option. Would love to get an update in 6-12 months if anything goes wrong. Only way to disprove the stereotype.",22
1jkmu0m,"That was a hybrid car. I know a few people who own the MG4 EV and are very happy, no issues. I have an ICE car myself but would not be opposed to this car when mine gives out.",50
1jkmu0m,"I think what a lot of car guys don't understand is that 99% of people DO want what is condescendingly referred to as an ""appliance"" for a car. Something reliable, affordable to run and maintain, safe and comfortable. Chinese EVs excel at all of this - and will likely dominate the top 10 sales lists in most countries in the next 10-15 years because of it. We're the weirdos who want manual transmissions and inefficient, complicated engines that make loud sounds.",10
1jkmu0m,"Imagine if we’d been driving EVs traditionally and some plonker introduced the ICE. “It’s slower, noisier, less responsive, less reliable, needs more maintenance and you have to pay $100 to fill it whilst destroying the environment. How many do you want?”. Also, how long would people queue at a servo for 50 cent fuel? I’m guessing longer than 30 minutes.",4
1jkmu0m,"I never understand the calling an EV appliance to undermine it.Appliance means a device or piece of equipment designed to perform a specific task. So your car is an appliance, whether it is using combustion engine or unicorns tears to propel it forward. If your car isn't doing what it is designed to do, its a broken car thus it is not an appliance.",3
1jkmu0m,It was anICEHybrid MG i heard. I would say MG produced better EV that its ICE cars.,14
1jkmu0m,"My wife has had the 77kwh MG4 for 15 months now and put 39,000km on it.So far it has done really well. The infotainment system is a bit sluggish, but that's my only complaint when driving it.",3
1jkmu0m,"I've had one for a year. No major issues, just some minor annoyances related to software.",12
1jkmu0m,"Can you explain about the software please?
Sister In Law has a petrol MG suv and the screens are just awkward to use/navigate but then again I have only used it once.",2
1jkmu0m,Sure I can list a few gripes: the lane keep assist is overly aggressive and generally just gets in the way more than it helps. You also have to disable it every time you start the car. I hear there is an update available to improve this but see my point below re no ota updates. The favourite shortcut on the steering wheel forgets what action you've assigned it at least weekly due to a software bug. If you turn the headlights on manually (eg during rain) the car will not automatically turn them off when you turn the car off. It also doesn't remind you the lights are still on until you get back into the car. This one probably annoys me the most because it's the most basic oversight. The lights literally have an automatic setting so clearly they can be controlled via the software. At least your battery won't go flat if you leave the lights on for a day. There are also no over the air updates to allow these minor issues to be fixed without giving the car to a dealer for at least a day and potentially having to pay for the privilege. I exclusively use Android Auto and find it to be perfectly responsive.,3
1jkmu0m,Thanks.,1
1jkmu0m,Yeah yesterday I think,2
1jkmu0m,was that an EV MG or ICE?,2
1jkmu0m,"yeah, Hybrid is just an over complicated ICE.",15
1jkmu0m,"I have always been dead against hybrid. However since the shark, I think if you are a tradie after a ute, is a no brainer until better batteries come along",3
1jkmu0m,"The Shark is a PHEV, a big distinction compared to the MG mild HEV.",1
1jkmu0m,Hybrids are only good because of Toyota mostly. But Chinese EVs. If I had a charge setup at home with all the solar. BYD all day. Edit: then I could buy a nice convertible for weekend crusing.,0
1jkmu0m,"Yep.  That's exactly what I have.  Byd seal premium.  Range over 500km, costs me dollars a week to keep running, stupidly fast acceleration and really nice to drive, cheap servicing and gorgeous inside. With the solar and a 7kw wall charger it is the best possible setup.",1
1jkmu0m,"It was an ICE. Edit not ICE, hybrid.",2
1jkmu0m,"Cheers. If thats an ICE MG, its not really comparable to EVs.",7
1jkmu0m,"Sorry to be specific it was the hybrid MG, but yeah it wasn't the MG4 EV. I've heard people having bad experiences with ICE and hybrid MGs.",4
1jkmu0m,"Hybrid pretty much similar to ICE plus the extra complexity of a battery etc. SO anything they cant get right on an ICE car they wont get right on the Hybrid. This is also why I always say, hybrid is just an over complicated ICE and not the ICE ""inbetween"" to EV",4
1jkmu0m,"100% agreed. Personally I don't understand why people go with hybrid. Part of the attraction of EV for me is the near zero maintenance requirements, once you go hybrid that's out the window.",1
1jkmu0m,you know whats crazy? there are people out there who thinks that Hybrid is the driving force of EV success whatever that means. I guess they never heard about Toyota Prius and the obvious success of Toyota EV nowadays /s,3
1jkmu0m,If you go by sales hybrids are a great success. They draw in the people who want an ev and also the average mum and dad with range anxiety. Look at the rav4 hybrid. Sales have been huge for years,4
1jkmu0m,its because a lot of people are not educated enough about EV. Range anxiety is no longer an issue. Its only issues for people who has the same habit with ICE and applying the same habit to EV.Also the zero FBT on Hybrid novated lease that still take place until April this year. We will see after that.,2
1jkmu0m,"And... Toyota has thrown all the eggs into hydrogen vehicles. They make no bones about it. Toyota CEO "" Hybrid vehicles are a stepping stone to hydrogen vehicles""",2
1jkmu0m,"Hybrid in a reliable brand like Toyota, Honda etc. is not an issue at all. The appeal is 800+ km range for 40lt of fuel.",4
1jkmu0m,So like my diesel Mondeo then.,2
1jkmu0m,"Definitely similar. Google says Diesel Mondeo is 5-8lt per 100km, most Hybrids are around 2.5-4lt per 100km. However diesel is a bit more expensive so you have to add that as well. Services on a diesel are more expensive too from memory so add a bit there. The hybrids are completely gutless however, 1.5lt engine~, zero grunt what so ever. Pros and cons to everything.",1
1jkmu0m,"Yeah they're awesome aren't they, I looked into getting one but couldn't really afford to drop near 30k on a car right now. 100% can see myself buying one second hand in the next few years though.",4
1jkmu0m,"Let's check back in 10 years and 150,0000kms. A decent car would be good.",9
1jkmu0m,아이폰 처음 나올때도 그렇게들 비꼬았지,1
1jkmu0m,It's MG. It has terrible build quality. The consensus with the iPhone was good build quality from day one. 그건 MG야. 제작 품질이 형편없어. 아이폰은 처음부터 좋은 제작 품질이라는 게 일반적인 의견이었는데.,1
1jkmu0m,"Any car should drive good for at least the first month 🤣 I’d like an update in like 2 years. Would like to know how absolutely flogged out every bushing and shock and bearing is at that point. Let’s face it, the roads aren’t getting any better, where I am atleast, the roads are tough on any car.",6
1jkmu0m,"Sister inlaw got one, 2 months in breaks weren’t right and the charger would intermittently lock itself in the socket and would t release without lots of mucking around.
Took it to the MG dealer, and they said yeah nah it’s all  working fine bye!  Wouldn’t give her the time of day. The interior looks ok but in a few years time you know everything is kind of not going to work quite like it should. Every button feels cheep, every hinge will lock or break. They’ll devalue fast, but will probably be a good buy in a few years if you don’t care that things aren’t quite what they should be",2
1jkmu0m,"Look a Yaris is a ripoff these days, but it will only have depreciated by 20% in 3-5 years Your MG will be lucky to be worth half of its purchase price",6
1jkmu0m,"However, you've just spent 3-5 years driving a Yaris.",10
1jkmu0m,"Not my first choice, but no worse than an MG",3
1jkmu0m,14k for a mg4 EV in five years. Pretty good.,1
1jkmu0m,People always say the the car will ‘devalue’ 50% in 5 years but that never ever happens unless you’re driving a Mahindra or Tata lol,1
1jkmu0m,Any new car will drive nice compared to a 15 year old Lancer.,4
1jkmu0m,"You enjoy whatever car you want, it's no concern to anyone else. I'd not bother to buy an MG4, nothing against the car just not what I'd consider buying.",2
1jkmu0m,MG's ICE cars are all absolutely garbage. Their hybrids are not that good either. But their BEVs are actually pretty good.,2
1jkmu0m,Does it have advanced cruise control?,1
1jkmu0m,"Glad you like it, I'd stay on top of any warranty claims, though. Long warranties are great on paper, but they can still be denied with companies expecting you'll not be bothered to fight. Once you get towards the end of a decade long warranty, trying to prove anything isn't just wear and tear or a lack of official servicing or owner's fault is also much more difficult (which is partly why they've got such long warranties - beyond a certain point, everything is wear and tear and the costs to the manufacturer for a 5yr warranty vs a 10 year are likely lower than the costs of going from 3yr to 5yr). Not saying that'll happen, but any warranty claim will be easier to resolve in the first year than the 5th or 10th.",1
1jkmu0m,What did they give you for your old Lancer? Was thinking about doing the same thing thanks,1
1jkmu0m,"I love the Chinese variation of EV’s, maybe even safe to park inside the garage. Unlike the fiery Tesla’s 🤷‍♂️",1
1jkmu0m,"Congrats! I'm awaiting delivery of my Geely EX5, I'm coming from a 14yr old captiva so you'd know my excitement. 
There's always going to be haters, as long as you love it and you made the right choice switching to EV,  that price is incredible value!",1
1jkmu0m,I got a 2nd hand model 3 performance for 55k. Can probably get those for 45 now.  Worth a look.  V fast. Badly built.  I would try the crazy fast Chinese stuff when it arrives. Xpeng or something.  Glad you enjoy it,1
1jkmu0m,"Currently on holidays with an MG as hire car. It is shocking. Rough. Loud. Lack of features and just feels cheap. I understand they offer the “new car” experience for a cheap price, but give me a second hand car in many other brands any day!",1
1jkmu0m,"I got an xpower mg4 for $42k in WA, next to no kms.Thing is insane. Faster than an Aldi R8 0-100km, for reference. I cannot fault it, though I also understand what it is - a bare bones EV hatchback from a budget car maker. I’m not expecting next level tech or track tight suspension (though it still holds its own in those areas well enough too). I’m looking for it to last me 5 years until something truly ridiculous comes to our shores (all electric BYD shark 🤞).It’s the cheapest power you can buy, with plenty fun driving dynamics. The base model is a steal and a no brainer imo.Even more so once V2H gets the nod / support.",1
1jkmu0m,"How are you going with charging? Do you charge it with your regular outlet at home? If yes, how long does it take? How many times do you need to actually take it to an actual charger? Does it charge in any public EV charger or only specific branded ones?",1
1jkmu0m,"I think the sweet spot for every house is to have at least one electric car that is known for being reliable. I wouldn't rely fully on an electric car. Not because i don't like it. Just because it's still new in the market. The service and warranty sound tempting. For Yaris money, it's a win.",2
1jkmu0m,"thats the setup we have, but for every road trip since we got the EV thats what we've used. It did take a little planning when going to a town where one NRMA charger was all they had, but point to point (syd to brisbane, albury, melbourne) its a non-issue.",5
1jkmu0m,"Good it works for you. I wouldn't risk it though. The problem of having an available charger is still there. Unless, I'm driving to my own residence or family place, I wouldn't take an EV. Petrol also is more convenient in that regard, you refill the tank in 5 min and off you go.",0
1jkmu0m,"Exactly, with so many households with 2 cars. One small EV like the MG4 for everyday city use is the win.",3
1jkmu0m,Great that you enjoy it. I also hope that this type of thread will be more common as EV becoming more mainstream in Australia.,0
1jkmu0m,"Yaris advocate here
Yeah, no questions that $33k for a yaris is unreasanabe but I wouldn’t be sure the mg4 will last till 2039 (most likely a Yaris would) and there’s the resale value after 10 years. You might get half the original price for a 10-year-old Yaris, but no sane person would buy a 10-year-old Chinese EV, so i would factor their residual values to be balanced",0
1jkmu0m,"But we're also at the point where the estimated residual on a ten year old ICE car needs to be treated with care. In a decade the car will be competing against EVs, in an environment where people will be expecting government policy changes about 'old' ICE cars. An EV will be the less risky buy. I am not saying that the selling price of used ICEs will have tanked. But clearly they will tank at some point. So there is a risk attached to a new ICE car which doesn't exist for a EV car.",2
1jkmu0m,"this is what many failed to see. A second hand ICE car with petrol costs that keeps creeping up, lifetime oil changes and constant maintenance will struggle to compete with a second hand EV that just goes. Why would you think owning an ICE will be better with all of those extra steps?",1
1jkmu0m,The fuel savings alone over a decade for the OP will be more than the car cost. You need to look at total cost over a time period.,1
1jkmu0m,"Sounds good. Glad you like it. How much are the services, i know it's fixed but fixed at what?",1
1jkmu0m,How does it handle and turn corners at speed? How well does it stop when using the strong acceleration? Would like to know how long the tyres last and how much do they cost to replace? Hope the MG4 continues to drive well and you enjoy the car.,1
1jkmu0m,"I haveone. It truly is the best driving EV for under $60k. It’s not a very fancy interior, but the RWD platform, instant torque, balanced suspension tune all work well together and it has steering that actually has more feel than a lot of many commuter cars - it’s very much the driver’s EV. Was a very easy transition from a Mazda 3 which is the best steering and handling you’re gonna get in a mainstream small car - definitely ahead of an i30 or Corolla to drive. I looked into it since it unanimously received great reviews across the many car news platforms i subscribe to. It was far better value at $31k and made the compromises easier to accept. At $38k with increased competition, it isn’t as much of a no brainer. I’d look into the S5 instead with the modern interior and same driving dynamics if you don’t mind a T-Cross crossover style body style. If you watch reviews from sites that pay more attention to the actual driving feel, like Chasing Cars, you’d notice that they still level a fair bit of criticism to a lot of fancier Chinese built EVs like the Geely EX5, Kia EV5, Sealion 7 or Xpeng G6 for ranging from being unsuited to Australian roads to passable but far from class leading, respectively - they still rate the MG4 very highly for what it is.",1
1jkmu0m,"My tesla is nearing 50k kms and still have plenty left on the tyres. ALl up might cost me around 1800 to replace, that or if I can find a cheaper alternatives. I'd say maybe another 15-20ks before I have to replace them. Model Y rwd.",1
1jkmu0m,People love to hate on MGs but they aren’t bad. Mine is great and drives just like my BMW lol,1
1jkmu0m,"I think the sweet spot for every house is to have at least one electric car that is known for being reliable. I wouldn't rely fully on an electric car. Not because i don't like it. Just because it's still new in the market. The service and warranty sound tempting. For Yaris money, it's a win.",-6
1jkmu0m,Let us know what you think when you have to make a warranty claim 😉,1
1jkmu0m,The problems with reviews after 1 month...2 month... 1-2 years even is like....yeah. a car would WANT to be still going fine after that timeframe. Sorry but the ole reliables push 20 years without much problem. These are the benchmarks for 'good' cars,0
1jkmu0m,"An ev is using an electric motor. Not a lot that could go wrong with it. There are no oil to change, wear out on pistons etc. It could go on and on and on, as there is little wear and tear due to the design.The next that people thought would go is the battery. However LFP batteries are rated 3000-5000 cycles, that means if you own a 400km range EV, it will be 1.2-2 million Kms before the battery degrades to 80% with plenty left to go.An average australian drives  35km a day which is 13,000km a year. For arguments sake say its 20,000 km a year.It would take 60-100 years to degrade the battery to 80%.Much more than 20 years id say.",1
1jkmu0m,"Well we'll find out won't we. also fyi, batteries have reported wayyyyy higher degradation than what you just quoted btw.",0
1jkmu0m,"source Bob? Here is mine btw.https://iopscience.iop.org/article/10.1149/1945-7111/abae37 ""The LFP cells exhibit substantially longer cycle life spans under the examined conditions: 2500 to 9000 EFC""",1
1jkmu0m,"And that's based on them charging it perfectly each time i'll bet is it? And those studies done in a vacuum of sorts? Or you're going to tell me there's stacks of  cars out there, with these batteries, driven around that have so far managed 5k cycles, that are a part of the study(s)? (IE subject to general wear/tear/climate/inefficient usage/charging) FYI, i even work at an EV manufacturer, i don't think they're bad, but i do find some of the claims a bit out there when they're stacked up in the real world conditions.",0
1jkmu0m,Bob you need to learn a bit more about this.,1
1jkmu0m,"Like..read brochures and tests like you?
Again, I'm speaking real world. Anyways, we'll see where all these are in 2040-2050 with 250k+ km on them",0
1jkmu0m,Lol brochures. Bob you really have no clue do you?,1
1jkmu0m,"Bruh, he hit the nail on the head.",0
1jkmu0m,Hey so did you find it?,1
1jkmu0m,From his own report.,1
1jkmu0m,"Easy, it’s not, that’s how. It’s fucking trash.",1
1jkmu0m,"Your post was removed for violating Rule 1. Being a dickhead.
Don't be a dickhead.",1
1jkmu0m,Ok lets presume your lancer gets 10l/100km and fuel is $2l so you are doing roughly 1600km a month likely more. Ata guess id say its closer to 2000km monthYou then say this would cost $16 Its combined efficiency is3.8 miles/kWh(16.0kWh/I00km)So a month you are using 256kwh of power or ~6ckWh So this would mean you are only charging at free places or at home but that rate is crazy low this doesnt sound right to me not mention repayemnets on 28k are how much?,-7
1jkmu0m,There is also plans there that allows you to charge $0 11am-2pm,7
1jkmu0m,"0.08c on AGL from midnight to 6am, I have solar panels at home too. crazy cheap, and the car was bought outright, but EVs have much cheaper interest rates I'm told.",10
1jkmu0m,"40,000km seems awfully long between services, even for an EV.",-2
1jkmu0m,Tesla has no regular service interval. EVs dont really need that.,5
1jkmu0m,"My first Tesla service was at 100k, aircon filters, brake fluid check, diff oil… thats about all they can do. I was going on a big road trip and thought it was worth getting.",3
1qz4f1p,This just in: man buys cheaply made EV and is disappointed by how cheaply made it is.,235
1qz4f1p,Dealer couldn't even be bothered cleaning it before delivery. Zero fucks given.,76
1qz4f1p,"Why bother if you know that stupid people will buy your crap anyway. 
This guy ordered Atto1 and waited 6 months for it to be delivered.",19
1qz4f1p,"For 31k he paid, I could buy a 2020 Camry v6",24
1qz4f1p,"He could of got a BMW S1000RR , 200 plus hp good for 300 plus kmh",24
1qz4f1p,You mean 299 km/h?,2
1qz4f1p,"Your account is too new to post in this Sub. This has been implemented as an Anti-Spam feature. As a result, your comment has been removed. I am a bot, and this action was performed automatically. Pleasecontact the moderators of this subredditif you have any questions or concerns.",1
1qz4f1p,He would kill himself on that.,2
1qz4f1p,<image>,7
1qz4f1p,ho ho ho!,1
1qz4f1p,AusFinance would be proud of you,10
1qz4f1p,"No, they would chastise you for not getting the 4cyl hybrid.",3
1qz4f1p,"There are decent options for $30k. Hyundai I30 Sedan, Kia K4 for only a little bit more, Mazda 2 and yeah definitely used Camrys or Corollas. What a way to waste $31k",9
1qz4f1p,Is i30 sedan a good car? It is very attractive to be honest and price is good too,5
1qz4f1p,I drove a base model for a year and they’re good. The speakers are dogshit but everything else was smooth and easy,6
1qz4f1p,They are very decent. A family member has the a 2020 i30 and it’s been great.,3
1qz4f1p,"My partner owned an i30. Transmission was fried (burnt transmission fluid) still under warranty with only 2 months left, Service denied and problem with the car and Hyundai admitted an issue from factory with transmission and basically said Live With It.",1
1qz4f1p,DCT?,1
1qz4f1p,If you need a little city car and have solar at home then it's a great proposition like all EVs,1
1qz4f1p,I bought a 2019 oct built for 23250,1
1qz4f1p,"It proved that car journalism based on ""1 day of usage"" is complete BS and that he never bought the car because he loved it, he was always going to thrash the most expensive cheapest EV in Australia.",14
1qz4f1p,"I thought this was a very insightful video. For the people who wont bother watching, basically this car journalist bought an ATTO 1 to assess whether BYD's claim of the ATTO 1 reaching 'price parity' with petrol vehicles was true. Spoiler alert: It's not. Poor efficiency, bad range, limited battery cooling, noisy interior, inefficient HVAC, questionable interior quality, poor after sales service and expensive insurance costs. His advice is to spend more on a better EV, go used or go petrol.",45
1qz4f1p,"BYD Atto 1, or MG whatever at the same price. $5 days Atto 1 is better.",3
1qz4f1p,What did he expect? A well built and reliable car? Lol,45
1qz4f1p,Pricing should be: Basic: $20k driveaway. Premium $25K driveway. Depreciation is going to be death for these cars.,33
1qz4f1p,These will be single use cars.,9
1qz4f1p,What makes you think they'll be single use? With a low enough price these would be extremely appealing on the used market.,7
1qz4f1p,can we use the batteries and motors into some cool cheap projects? would be a good way to cheapely resurrect some cool cars and other funny experiments,4
1qz4f1p,Yep. Becoming more common. Some are so cheap that it’s financially viable to be single use. In 10 years time just drive them to landfill. Problem for the atto1 is that’s it not that cheap.,3
1qz4f1p,"It’s a really common thing in China now, I was chatting with some colleagues last time I was there and it’s becoming common to replace the car before you replace the tyres in the really cheap end of the market.",4
1qz4f1p,"It predates Chinese cars too. Holden cruize, captiva are the same.",7
1qz4f1p,Those are both considered mid-range cars when we are talking about these disposable cars. Have a look at a Betsune Pony or a BYD Seagull. Even the cherry tiggo looks comparatively expensive and that is the cheapest new car currently in our market,1
1qz4f1p,"An Atto1 is a Seagull, isn't it?",5
1qz4f1p,I’m not sure anyone got a single use out if a Captiva.,1
1qz4f1p,"A mate of mine had one. Lots of things went wrong but nothing that stopped him from driving it, until something did stop it and the sheer cost of fixing everything meant he just had it towed to the wreckers. He then bought another one and it blew a head gasket in the first 6 months. He drives Japanese cars now.",1
1qz4f1p,"New car buyers can afford depreciation or they wouldn't buy new cars and actual poor people will be buying this car second hand,  after the bigger depreciation has occurred, and they will drive the car until it dies. So in both cases depreciation doesn't seem like an issue. People buying cars based on future resale should just stick to Toyota because Aussies are brainwashed into the Cult of Toyota.",2
1qz4f1p,Nah. Poor people want to buy new cars for the comfort of the warranty.  MG have explicitly stated that they compete with the used market with their cheap new cars. What’s wrong with buying a reliable cheap to own car? I recently sold my Corolla for more than I purchased it for. Sold within a day with over 50 enquires begging to buy it and even pleading their case.,-1
1qz4f1p,Give it a few years for them and I come off lease.,1
1qz4f1p,"Poor people want to buy new cars for the comfort of the warranty Nah, I don't think you know any actual poor people. Poor people can barely afford petrol to get around. They can't come up with $30k cash and they can't get loans for $30k because they're too poor. MG have explicitly stated that they compete with the used market with their cheap new cars. That isn't specific to MG. All new cars compete with used cars. It's a price based market. Anything new car occupying the same price range as a used car is competing with those used cars. A new Mercedes competes with a second hand Porsche. A new KIA competes with a second hand BMW. A new Atto 1 competes with a second hand Camry or Model 3. What’s wrong with buying a reliable cheap to own car? Corolla is a good NPC car but let's be real, it's not a car that a car enthusiast would buy for themselves. Sold within a day with over 50 enquires begging to buy it and even pleading their case. Yes, that's the Cult of Toyota I was talking about remember?",2
1qz4f1p,"Buying a Toyota is car ownership in easy mode. It’s wild that people criticise it for that. Like properly mad. It’s like oh no, my maintenance is so reasonably priced, oh no my car is so reliable, oh no my car is so good on fuel, oh no it’s so easy to sell, oh no I got a reasonable resale value. How terrible! What’s even crazier is that you could buy a hybrid Corolla for an extra $5k which you are almost guaranteed to get that back at resale time. When I say  poor I am referring to the working class poor. Not the under employed living in housing commission areas or uni students in share housing.  And for some of these people getting a bus is the better option. I’ve got a car but half the time I just get the bus as it’s just cheaper. I live in a new suburb on the fringes (poor area but enough money to buy a house or rent in share houses) and the chariot of choice is a Jolion or MG3. These people have enough money to qualify for cheap car loans and justify new car price because of the warranty.  You’d be surprised how easy it it’s to qualify for car loans. Anyone with a once of common sense aren’t buying a used luxury car over a newer Kia. These people exist as I see them buying old Audis that turn into money pits 90% of the time.",1
1qz4f1p,a succulent chinese meal,0
1qz4f1p,I stopped listening to those guys when they glazed every Chinese car to get overseas junkets. It felt forced and untrustworthy.,101
1qz4f1p,every mainstream car reviewer is untrustworthy. You cannot get views if you don't maintain cozy relationships with manufacturers to get the cars early.,7
1qz4f1p,I like Brett from Driving Enthusiast. He seems quite happy to criticise objectively!,2
1qz4f1p,It's such a shame but so true. I want to like these guys.,5
1qz4f1p,Fully,12
1qz4f1p,Hear hear,7
1qz4f1p,Maybe they stopped paying them because he went scorched earth on the Atto 1. That or they found some integrity.,3
1qz4f1p,When was that?,3
1qz4f1p,"Oh, I don’t know like 6 months ago. Maybe more. Before the last china auto show. I understand their limitations being at those test days but they started to lose me after the JAC ute stuff. Edit: I figured out i’m more of a unique and classic car video person. I liked that stuff they did",7
1qz4f1p,"The majority of these car review outlets will take money from any of the car brands for favourable reviews. I reckon you’ve only noticed it with the Chinese brands as they’ve likely been the highest bidders of late. The only channel I trust is ReDriven, as they actually seem like honest guys. As for the rest of them, I take what they say with a grain of salt.",37
1qz4f1p,"Yes, car ""journalism"" has always been notoriously corrupt. Reviews available to the highest bidder with bad reviews of the opposition thrown in for 20% extra. If you want to know what problems a car will have you have to go to the owner forums.",5
1qz4f1p,"Tbf, Redriven actually gave the only BYD they've had so far a pretty positive review, although that's a much more expensive car than this little Seagull.",3
1qz4f1p,They were shameless about it too. But it was interesting to see how much goes on behind the scenes,1
1qz4f1p,"I pointed out a lot of these things months ago, and boy did the BYD fans not like it. The problem is that it's heavily compromised as an EV (and as a car in general) at that 24k price point. There's some cases where people who really want a new car will get one, but you're honestly better off getting a 2-3 year old EV. I know people have been saying that for years about new vs used ICE cars, but in this instance there's legitimately a gulf in the compromises that have to be made after dropping $24k on this vs..... basically any other EV on the market. Even just stepping up to the higher spec ($28k) solves some of the problems, but by then you're only a grand or two off an EV from the next class up anyway. TBH BYD are fine in other segments, but this is honestly a shit car. By any metric, butparticularlyby the metrics of an EV.",17
1qz4f1p,Never buy the first gen lmao,9
1qz4f1p,"Watched this last night, thought it was a pretty strange take. It's the cheapest EV you can buy, of course it's relatively shit and has corners cut. He's complaining about the range on a car clearly intended to be driven up to the shops to get the groceries, not touring the countryside. These cheap EVs are intended as a car for your elderly mother, or a second car for a family. Complaints about cabin noise when driving at over 80kms? The use case for most people is 60km maximum between their house and the shops. But in fairness it sounds like his car specifically has a defect that makes this worse. I 100% would expect bad cabin noise at high speeds on a car like this though. It's no different to any small cheap car. Complaints about poor range at highway speeds? Same as above, it's not intended for that. At local speeds around town he said he was getting 13~kw per 100, or 300km~ from the 40kw battery , more than enough when vast majority of trips the average inner city Australian does is under 10kms. One thing I will agree with him on, these things will depreciate massively. I'm hoping to snag one for 15k~ in 3-5 years. At that price I think it makes a lot of sense.",8
1qz4f1p,"you're spot on. Atto1 can be a second family car that only getting groceries, or back up car when the primary family car in repair.",2
1qz4f1p,Does he get payed more for every time he says BYD Atto 1,17
1qz4f1p,100% more reviews more money,1
1qz4f1p,Did he get a BYD Atto 1? Or one of those non-BYD Atto 1 vehicles?,1
1qz4f1p,"He is getting deals from Chinese manufacturers no doubt, the way the froth over these cars is just sickening.",1
1qz4f1p,"Test drove an Atto 1 and Atto 2, the jump in quality is insane for a very similar price",11
1qz4f1p,"Well to be fair, the Atto 2 has 100% more Atto.",22
1qz4f1p,wait till you hear about the atto 3,14
1qz4f1p,"Yeah depending on your use case these things really don't make sense.  They're cheap, I'll give you that.  But that's for a reason. Source: Me, recently considering all of these. (I went with an ICE car in the end - I don't have an issue with good EVs though)",14
1qz4f1p,Not sure he said “byd Atto 1” enough times,5
1qz4f1p,Mum has one of these and I really like it 😂,8
1qz4f1p,Shit channel that shills the highest bidder - preferred currency chinese yuan tho,28
1qz4f1p,So what do you think about this video?,3
1qz4f1p,"I think it's a B segment city car that's just as horribly built and rough around the edges as a Yaris. Nothing in that segment appeals to me except, for some strange reason, a new top trim pearl white swift. God they look good. But... It's a cheap rough little car too lol. I'm not looking at this through a BEV vs ICE way either. All the nice af city cars are gone",9
1qz4f1p,What’s in the video ?,7
1qz4f1p,"No heat pump and air conditioning which runs through to cool the battery makes the range not good. Highway driving above 80km/h sucks. Wireless charger doesn’t work, just heats phone up. Can’t connect the maps or Spotify (not related to CarPlay or android auto, just the internal maps and Spotify). Loud noises when going fast, suspension sucks. Basically things they could have worked out if they had the car for more than half an hour when they made the first 3 videos praising the hell out of it. Hopefully this experience helps them think twice before vehemently recommending and gushing over cars in the future, because people will buy them based on these so called “reviews” thinking that they have been driven for more than, oh I don’t know, 3 hours before the production line review comes out. I’ll get off my soapbox now",43
1qz4f1p,That issue with phones getting hot and not charging seems to pop up across a lot of the new evs. Anyone know why?,1
1qz4f1p,Just from my experience. It's the damn camera bumps. My phone's back ist to high for a lot wireless charger where the phones needs to lay flat,5
1qz4f1p,I got a few mins in and all he says is the cars name every 5 words.,2
1qz4f1p,"Man and car, man in car, a car, a man, and sometimes man on car",-21
1qz4f1p,Mate has an Atto 3 and it’s bloody lovely,9
1qz4f1p,What about it exactly? We have them at work and they’re finicky and tacky,4
1qz4f1p,"Smoothest car I’ve ever been in, looks lovely inside and out in my opinion. Everyone has their own opinion. BYD are the biggest EV company in the world for a reason I guess",2
1qz4f1p,"Reminds me of when the Daewoo Matiz came out and journalists found it struggled on the motorway. Most Kei hatches aren't much fun over 100kmh either. They're tiny, cheap city cars. If course that doesn't explain the phone charger....",3
1qz4f1p,Idk what he expects for under 30k honestly. It's obviously the sort of first new car you'd buy your daughter fresh on her P's to get to and from high school or work.,3
1qz4f1p,wait so did you watch the video?,8
1qz4f1p,"Yes most of it, he talks about the lack of range being an issue, issues with range dropping when using the aircon/heating due to lack of a heat pump, battery cooling concerns, public charging annoyances, weird noises coming from the suspension and concerns about BYD after-sales care, amongst quite a few other things, did you watch it? I’m asking the/r/CarsAustraliacommunity if they have any thoughts or things to add…",8
1qz4f1p,Lol man at least watch the full video before sharing it wtf,27
1qz4f1p,"Did you read my comment? I watched about 90% of the video, time to get off reddit my guy",-49
1qz4f1p,“i watched about 90% of the video” hahahaha fuck me,28
1qz4f1p,Him only watching 90% turn you on does it?,-8
1qz4f1p,there is zero chance of you not being associated with CarSauce so I'm surprised you only watched 90%,1
1qz4f1p,"Omg, this review is amazing. 
He absolutely destroyed this car. 
The interior noise is just terrible. And 200km range? What??",9
1qz4f1p,Did find it weird how he bashed to the Toyota Prado. This channel is becoming unreliable fast,11
1qz4f1p,"To be fair the new Prado is pretty disappointing. Especially the 7 seaters, what the hell were they thinking with the boot.",6
1qz4f1p,Cheap chinese shit will always be cheap chinese shit. There are plenty of good EVs out there. I wouldnt buy one of the cheapest ones.,10
1qz4f1p,Which good EVs would you consider?,3
1qz4f1p,"Leaf
Ioniq
Polestar
Xc40
Lexus UX
Smart #3
Kia EV6 One of my uncles just bought a chery tigo or whatever the name is this week, will see how that goes.",0
1qz4f1p,"3 of the 6 you mentioned are made in China (polestar, xc40 & smart)",3
1qz4f1p,"I have nothing against chinese shit, just cheap chinese shit",0
1qz4f1p,"fair, fair. I'm looking at one of the approximately 79 new chinese brands of Electric SUVs and they seem ok...time will tell.",1
1qz4f1p,"There none, all are shit. 
500kms is the maximum u can make, then good luck charging your crap in the middle of nowhere.",-9
1qz4f1p,I don’t travel 500kms I’m traveling 40km a day,11
1qz4f1p,When 90% of Australia live in a urban area the odds of someone genuinely getting stuck in the middle of nowhere because they ran out of battery not from user error are pretty low.,6
1qz4f1p,"It's pretty interesting actually. I was delving into the statistics recently and despite our international image of the rugged outback life, we're actually the most urbanised population on the planet with 90% of us living in cities (75% in the big 5). So while this dinky little EV might be full of downsides, its suggested use case as the 2nd car for short local trips is still perfectly acceptable for most Aussies. My 2nd EV only has a 200km range and while I want to ditch it for something better, I can't actually justify the upgrade because a 200km range is completely fine for a 2nd car.",3
1qz4f1p,"Perhaps the Atto 1 might not be good for a lot of people, but there are EV's at decent prices that are far more suitable than petrol counterparts. Its just an ideological thing that people can't get round",2
1qz4f1p,"It's a weird hang up that everyone needs a 4x4 dual cab ute. I grew up in ""the bush"" with kangaroos outside my kitchen window. I was also 15 minutes drive from an Ikea.",3
1qz4f1p,"Your post was removed because it is not relevant to motoring, or automobiles in Australia.",1
1qz4f1p,"Your post was removed because it is not relevant to motoring, or automobiles in Australia.",1
1qz4f1p,Cheap chinese piece of shit. Honeslty what do you expect ? Diamonds for cubic zirconia prices ?,3
1qz4f1p,Is BYD the only car brand that won't sell their vehicles via Car Sauce?,3
1qz4f1p,Pretty sure they are a fixed price model so they sell cars directly to customers,3
1qz4f1p,Not surprised. I could have told you this was a shitbox. LOL the down votes. Hope Y'all enjoy your vinyl seats on 35 deg days when the A/C cuts out to cool off the battery and enjoy that torsion beam rear.,5
1qz4f1p,Hard agree,11
1qz4f1p,"Seriously, just buy a used Cupra Born instead for similar money and get a car that’s 10 times better.",4
1qz4f1p,"Bought an MG4 over a year ago and still love it.  Definitely recommended at the bargain end of EVs.  Yes, I know MG ICE cars are shit.",2
1qz4f1p,I wondered how long it would take before complaints like this started to come out.,3
1qz4f1p,Blow Your Dough 😏,1
1qz4f1p,"This channel used to be about good cars, but now he's nothing but a shill for these offshore lower grade CN cars. Seems in recent times, his frothing such cars has come undone.",1
1qz4f1p,"I gave it a test drive yesterday out of curiosity expecting to hear cabin noise.. but was surprised to not notice much when I zoomed up to 90km/h and with no radio. I suppose I'm just comparing to my car, a kia Niro hybrid.. so unless my car is a bit noisy 🤷",1
1qz4f1p,What they don't tell you about that video.In his next Video you see him selling the BYD with only 300km on the clock.Kinda weird that he could have found out and attempted to 'solve' soo many issues in 300km,1
1qz4f1p,"Just bought this same car, drove Adelaide to melb no issues, no strange noises, no range issue whatsoever 🤷🏼‍♂️ no idea if he got a pre production,if he even purchased this car or was on loan 🤷🏼‍♂️ did he even book in for warranty before selling",1
1qz4f1p,"Just bought Atto 1 too and no wind noise, no suspension noise, range is good, pretty nimbke. I'd say he's got a lemon.",1
1qz4f1p,tesla bro,1
1qz4f1p,"""this looks epic"" uhhh",1
1qz4f1p,Looks bad I was surprised how positive he was about it,1
1qz4f1p,"He’s an idiot and regrets every Chinese car he ever drives. There are FB groups of these cars with real Aussie buyers, and there’s more favour than disdain for this car. I did read about speakers being good in some cars and not so good in others, as well as some kind of software update. You can’t trust this guy to give a genuine review, he’s all about clickbait images and content that get him more followers and more money. Nothing informative and each video will reach the 10min mark or past to get past the tick and flick of YT.",1
1qz4f1p,"Summary by Gemini: The video is a review by CarSauce of the BYD Atto 1 (referred to as the ""BYD 1"" or ""Atto 1""), an entry-level electric vehicle. ​Despite initially loving the car, the owner has ""fallen out of love"" with it after a few weeks of ownership. While it looks great and is a capable city car, he highlights significant compromises that make it difficult to recommend compared to alternatives like a used MG4 or the JAC J5 EV. ​Design:The car has a stunning, ""Lamborghini-esque"" exterior design and is deceptively spacious while remaining a great size for city driving [02:59].​Accessibility:The high seating position makes it very easy to get in and out of [03:38]. ​Noise & Comfort:​Wind Noise:Above 80 km/h, there is a loud, ""ear-deafening"" sound described as air rushing into a hollow tube behind the dashboard [04:47].​Suspension Drone:The torsion beam rear suspension creates an uncomfortable low-frequency ""bass"" resonance/pressure in the cabin [05:45].​Seats:The vinyl seats lack breathability (hot on warm days) and offer poor leg support for longer trips [03:54]. ​Poor Efficiency:While efficient in the city, highway driving (100 km/h) consumes 18–20 kWh/100km, dropping real-world range to around 200 km for the Premium model [10:19].​Primitive Cooling:The battery uses the cabin’s A/C for cooling. On days above 32°C, this destroys efficiency and makes the cabin uncomfortable [11:11].​No Heat Pump:Lack of a heat pump means efficiency also suffers significantly in cold weather [12:09]. ​Software Bugs:Apps like Spotify and Navigation are currently failing to log in or work [04:21].​Wireless Charger:Described as ""useless"" and essentially a ""battery warmer,"" causing phones to overheat without charging [07:00]. ​Insurance:Comprehensive insurance is surprisingly high, costing the owner nearly 10% of the car's value annually ($2,400 AUD) [14:32].​Service Delays:Booking a service entails a 1–2 month wait, raising concerns about warranty support [08:11]. ​The reviewer strongly advisesagainstthe base ""Essential"" model due to its smaller battery (30 kWh) and poor range [09:09]. Ultimately, he feels the car is not yet at price parity with combustion vehicles when usability is considered, and suggests buyers look at slightly more expensive or used EV alternatives that offer better range, charging, and build quality.",0
1qz4f1p,"I keep telling the EV buffoons not to buy these silly ridiculous cars.. for the same Price buy a slightly used Hyundai i20n, full track car, top gear performance car of the year.. But buffoons buy these EVs",-4
1qz4f1p,"pass. looks too small and gross. I need something with a towball and boot space with massive towing capacity. i could only go with a hybrid as the most into the battery type vehicle. i need a massive vehicle to tow my 2.7t caravan. also its day. month year and kilo-meter. an ometer is a measurement tool not a unit of measurement. thats where kilo comes from, kilo=1000.  from 2000 i have been disappointed with the world intelligence.",-4
151pvk5,CarExpertgave it a good reviewtoday too.,6
151pvk5,"Wrong sub to post this, Ken block himself could come back from the grave and say it’s a decent car and this sub will be like “China junk bad” “mg won’t fix under warranty” “Chinese car implode when in low speed fender bender” “buy a Camry or au falcon with 250,000km on it” right before they drop their Chinese made smartphone on their foot that is inside a Chinese made shoe.",27
151pvk5,Haha yes I’m interested to see if the tide starts turning with this post,9
151pvk5,I think these YT bers might be getting a very nice residual commission for the life of the loan from the leasing company's. Funny how these MGs are suddenly very good !!,4
151pvk5,"Ahhhhhhh
Kick Back time.
Thanks for clarity!",3
151pvk5,"If you’d bothered to watch any reviews from anyone who holds any weight in the industry you would see that the zst and the ev have been getting good reviews for ages! Even John cadogan has some good things to say about them and he is a tough man to please, an auto engineer and general expert on all things cars. But of course people In this sub think they know more than someone like him who has reviewed for the biggest in the business.",-1
151pvk5,"Even John cadogan has some good things to say about them That is not a good endorsement. Dude was shillinghardfor Hyundai while being on their payroll, without openly declaring the affiliation on his website.",5
151pvk5,Do you have shares in MG? You are defending that company fiercely and with much exaggeration,-1
151pvk5,"I’m not at all, I’m just trying to stop the spread of rubbish information. You obviously know nothing at all and I bet you cannot produce one iota of proof that all mg’s are bad cars. I posted a pic of my car im driving today on the sub just for you too! I even put the prices in how many mg’s so you could get upset lol",-1
151pvk5,I stopped worrying about car prices a while ago But you are the one that's claiming your suv is 5star ANCAP when ANCAP says otherwise,0
151pvk5,"I think a bad car is a bad car, wherever it's made. It wasn't that long ago that Korean cars were considered bad. This might be the car that starts turning the sentiment for Chinese makers, but it remains to be seen. Not supporting a country/regime/brand by not buying things from them doesn't have to be all or nothing, but this point if conversation is no longer car related.",2
151pvk5,"This is my thoughts exactly mate. 
It’s mostly just a sledge because I actually own an mg and I don’t think it’s bad at all for its 30k price tag. 
I have tried to stand up for them before because I feel like they get a bad wrap on here and I don’t think it’s fully justified. Mostly because I don’t like to see people get told things that are blatantly untrue. Sure an mg3 is not going to be some marvel of engineering and safety but I’ve seen electric bikes that cost as much as those things. My zst  has been great and I have no reason to talk it up, I drive cars worth up to over a million dollars every day of the week and I own a race car as well. I have no reason to say it’s good when it isn’t, I would say it was shit if it was shit and talk people out of it. So yeah my comment read more to rile up some people than anything even if it has some truth to it.",1
151pvk5,"China junk bad. mg won’t fix under warranty. Chinese car implode when in low speed fender bender. Buy a Camry or au falcon with 250,000km on it.",21
151pvk5,Any evidence mg not honouring warranties?,1
151pvk5,There is a GT version of this that’s quicker than the Taycan or etron - 0-100 in 3.6 seconds so it’s even quiet than a RS3.,2
151pvk5,"I put an order in a week before they announced pricing, mainly to grab some of that sweet middle class welfare $3000 the Victorian government axed at end of June. Gets rave reviews overseas, I love the look (I reckon it looks better than my model 3) and the performance/handling of even the base model will be sufficient as my wife's daily driver. Only thing I hope is that the infotainment screen is usable and not too laggy, but will find out on the test drive.",4
151pvk5,Did you get it outright or on lease?,1
151pvk5,"Yep, keep buyin' em boys, should take some pressure off the Toyota wait lists",5
151pvk5,😆 🤣 😂 😹 😆 🤣 😂,5
151pvk5,Also ordered. From QLD,3
151pvk5,"Nah thanks, I'm good with my diesel",0
151pvk5,"Questionable design. Haven't driven one but the look alone is enough to put me off. MG doesn't have the best rep either. If I'm getting an EV, something like a KIA Niro seems like a safer option.",1
151pvk5,And the price of the kia Nero ev is......?,3
151pvk5,"I have no idea to be honest. But cheap cars are cheap because they are built with cost cutting measures such as flimsy materials and poor quality control. It has always been that way. When KIA and Hyundai were the cheapest cars, they were shit too.",0
151pvk5,I mean it's the prettiest but it's on par with a prius imo,1
1p9ibwu,"Just test drive one. I’d quite happily say that about 90% of the EVs currently available will be objectively better to drive than 90% of the mainstream ICE cars available at the moment. No noise, no vibrations, quicker. That said, not considering longer range needs and not considering 4x4s. So if those things are your requirements, go ham in ICE. Downvote away only if you’ve driven one.",44
1p9ibwu,Or just get a PHEV or HEV...there's no reason a pure ICE is good anymore,2
1p9ibwu,"Cost and complexity. I’d rather straight ICE or just EV. Hybrid is probably good for people that do commercial style driving (uber, taxi etc) or those with massive stop/go commutes. Every use case is different.",4
1p9ibwu,There's very little case for ICE regardless if it's pure or partial. Hybrids are a completely unnecessary option for those who need nappies,-3
1p9ibwu,"People lacking off street parking, or in apartments where strata won’t approve charging are two rather obvious examples of where there remains a strong case for ICE cars. And if you’re after a car genuinely fun to drive, and not just to drag people off at the lights, ICE is really the only option.",1
1p9ibwu,"People lacking off street parking, or in apartments where strata won’t approve charging are two rather obvious examples of where there remains a strong case for ICE cars. Why couldn't you have a HEV in these situations?",1
1p9ibwu,"They can.  It was the person I responded to that said Hybrids are completely unnecessary.  But a HEV still has an ICE.  You can’t reasonably expect people to be buying pure EV’s if they have no access to charge overnight, given the current state of public charging infrastructure.",1
1p9ibwu,"Yeah but a Series Hybrid PHEV can be run purely as a BEV (or as some people say ""pure EV"") But if you don't have the ability to charge, you could run them without access to charging. And they are the most efficient, hence why trains use that setup and Edison is making Series Hybrid Trucks.",1
1p9ibwu,"Sure, but people don’t buy cars like companies buy trucks and trains.  We’re not purely focused on efficiency and the likes of a Camry or Corolla hybrid aren’t going to satisfy certain segments of the market.",1
1p9ibwu,"True, but it's not like you need to charge them or have specific parking for them. A HEV or PHEV will do significant majority of people with no noticeable impact to their lifestyle beyond their hip pockets being heavier",1
1p9ibwu,"These are very isolated situations Edit: I’ll also add, having tracked mine it is every bit as enjoyable as a similarly sized ICE sedan.",2
1p9ibwu,"1.9 million Australian households lack off-street parking - hardly an isolated situation.  I’m not sure I understand why you’d take an electric Volvo or any similar sized sedan to a track, definitely a niche/isolated situation.",1
1p9ibwu,Citation needed,1
1p9ibwu,https://arena.gov.au/blog/ev-charging-stations-on-the-up/,1
1p9ibwu,"Thanks, but that number doesn’t pass the pub test if you think about it. That’s basically 20% of households.  I can’t see where they’ve taken it from but they do have an agenda in that project so not surprising it’s a little embellished. This more adequately referenced study puts it at 5-10% https://grattan.edu.au/wp-content/uploads/2021/10/Grattan-Car-Plan.pdf(page 29) Also having a lotus doesn’t make you the gatekeeper of track days mate. Pretty sure this country has made a hobby out of watching RWD shitboxes with cast iron blocks hooning around tracks.",1
1p9ibwu,"Are you for real?  Facts don’t need to pass a pub test, I’m sure you and the public are misinformed about many things.  You must live an incredibly sheltered life to consider an absence of off-street parking to be rare. And I’m not suggesting I’m gatekeeping track days.  But I guarantee you next to nobody is taking their Volvo/polestar on track.  And I don’t believe for a second you’ve driven enough alternatives on track to know how your polestar compares to similarly sized ICE sedans.",1
1p9ibwu,It’s comments like these that tells me electric cars are for NPCs.,-2
1p9ibwu,"In a world where ICE is Victorian era tech and globally were are moving forward, this is a hilarious comment",1
1p9ibwu,"Yes mate, in your head maybe. The electric cars require incentives for people to buy them. And sales are tanking for many manufacturers. That’s people buying them because they may get a good deal, or generally just don’t want them because it doesn’t suit their needs. Not because they are “moving forward”. Judging by your comments it’s ICE vs Electric for you and you’re on the “electric side”. Cringe.",1
1p9ibwu,"Lol. You're gobbling up US BS to suit whatever you're playing..
There's bugger all 'incentives'  here in Australia, and still plenty of tax benefits for ICE utes. 
Judging from your comments your are about 1 minute away from the sov cit units or a US bot",2
1p9ibwu,"I’m not playing anything. There’s space for ice / hybrids / electric. Electric cars aren’t selling as you claim of moving forward, while ICE cars are Victorian era. ICE cars still dominate sales. Couple of friends have one and they don’t care about pleasure of driving a car. They want to get to work and back it’s the “latest tech” so they want that. I’ve driven a few electric cars to get a gauge on what they are like but so far, all of them, have been insufferable for me personally. Zero chance I buy one at this point.",-1
1p9ibwu,"There's not space. We're seeing death throws 
No one really thinks there's a future in ICE. It's been evolved as much as it can, and now it's dying. Maybe there's something in prolonging it for recalcitrance, but our kids won't be using ICE, just like they won't be riding horses",1
1p9ibwu,"ICE cars still dominate sales. Manufacturers tried to push electric on consumers in order to be green and sales took a hit unless they were cheap with incentives. It’s obvious you have an electric car so that might sting. Not sure what the future holds, but if you are so certain of the future - do give me next weeks lotto numbers so I can purchase a V12 LP 750 and we both pull up at the lights go our own ways.",-1
1p9ibwu,"I have one. Soon will be two. Charging for free at work. Before this $75 a week in fuel (Ron 98). Electric car goes faster than the RON 98 car. I only do work and home usually, range anxiety is not a problem. Giant ipad and tech in the middle makes ICE cars feel like Fred Flintstone's car. For daily commute and family vehicles, if you have solar at home, i don't see any reason for buying ICE anymore. Only fuel cars I'll own from now will be performance or sports cars that i salivated as a child in Need for Speed.",14
1p9ibwu,"I’d own one but I can’t easily charge one in my apartment complex and I ain’t ready to rely solely on other infrastructure Even if I could: I realise we’re past the early adopter phase, but I’m keen to see how solid state battery EVs pan out",6
1p9ibwu,They seem perfect for someone like me who just needs wheels to get around town in. Next time I'm due for a new car I'll be looking into the prices and making a decision based on what's economically smarter.,5
1p9ibwu,"The honeymoon period os EVs are coming to an end. EVs will no longer be as economical when then govt starts charging tax per kms. 
Also what you loose in fuel costs will be offset by resale value. Also ev technologies are evolving, your car might become a nokia phone soon.",4
1p9ibwu,2nd hand EV buyers market ;),1
1p9ibwu,"My view on EVs is a bit different because I'm a mechanic but for the general public if you live in a city, and do short enough drives that range doesn't matter EVs are a good choice, especially if you have your own home charging. If you live rural and do lots of KMs ICE cars are still better to this day. Now on the mechanical side, EVS are technically more reliable, and in warranty with free repairs they're ok. Problem is with EVs most repairs involve removing the entire battery packs or motors, which is comparable to removing an engine from an ICE car, the batteries themselves are also ludicrously expensive, easily 10s of thousands of dollars. For now, under warranty this isn't an issue but in the future I don't see many EVs being majorly repaired later in their lives, as the cost of labor for removing Sub frames/EV motors and battery packs out of warranty would be eye watering. (Edit: should probably clarify when I mean ""most repairs"" I mean the repairs specifically related to the EV tech the equivalent ICE car wouldn't have, obviously most other regular car related repairs are the same between the 2 types of vehicles)",10
1p9ibwu,Admittedly the cost of a long block from an OEM also tends to be eye watering. It'll be interesting if there's a decent aftermarket on refurbished batteries or batteries pulled from wrecked vehicles.,5
1p9ibwu,"I could see aftermarket batteries definitely becoming a thing eventually, would be a gold mine business opportunity to undercut the auto makers own costs. I doubt refurbished/used batteries would ever go mainstream, too much risk in the battery conditions and labor cost for EV techs.",1
1p9ibwu,"Mate living rural with an EV is a dream. One of the guys at my work commutes in his old model S with free charging does about 200ks into work, charges at the Aldi across the Rd while having a coffee, charging for free and drives home another 200ks.  Charges at home occasionally but prefers to use fee charging saving his solar for home use. I’d hate to think how much it cost him in a ICE. At 160,000 km the car had only had new tyres. (Rotates tyres with different tyres in winter as he lives in a snow area) Another mate lives out near cooper peddy mining gold still driving his EV charging from his own solar in an off grid solo mine site. It’s probably the most beaten up model S in Australia. I’ve got a model 3 perf and Y rwd. We just did a weekend down to Wilson’s prom. Can charge at the airbnb, however both Yanakie and Fish Creek have public chargers. The public chargers a bit slow but had dinner while charging was a nice stop, play ground at yanakie for the kid is perfect too.  It’s the most I’ve spent on fuel/electricity all year about 30 dollars for two top ups.  Even our old Honda civic it would have cost us a lot more then 30bucks. With rural kilometres an EV really makes more sense. Especially in the Gippsland region with great charging and roads. Overtaking caravans in EV is much easier. Not to mention the toddler loves the entertainment system and music on the big screen.",3
1p9ibwu,"I live rural. My EV has 500km real world range. Costs a lot less to get around with bigger kms than ICE. If you typically drive more than 5 hours a day then maybe it doesn't work, but otherwise its better the more km you do on the average day. Also I've had 2 EVs repaired after bingles, neither involved a battery or motor removal. I also work with electric motors every day (automation engineer). They can and do run 24/7 for years and years on end. There is no question electric motors are orders of magnitude more reliable then ICE.",8
1p9ibwu,If you live rural and do lots of KMs ICE cars are still better to this day. How is an EV not suited to that? Especially a HEV or PHEV?,-2
1p9ibwu,"Lack of charging infrastructure, hybrids solve this issue obviously.",0
1p9ibwu,"Unless you are driving 400km+ per day an EV is much better for rural living. Do your daily drive, plug in when you get home and wake up to a full “tank” ready to do another big day of driving. This narrative that they are only good for cities is wrong, the more driving you do, the more money you save. Unless you’re an outlier that tows, does insane daily km’s or 10 hour drives on the regular, EV’s rule. My wife does about 100km per day and we are saving a fortune in fuel, best decision we made.",2
1p9ibwu,Why would a HEV or PHEV need charging infrastructure?,-4
1p9ibwu,My original comment didn't even mention hybrids so I don't know why you keep bringing them up.,1
1p9ibwu,You just blanketed all EV's...you never singled out any type of EV's but acted as though they all had the same flaws and issues?,-2
1p9ibwu,"I didn't say HEV or PHEV did I? I'm obviously talking about pure electric cars, why else would I mention charging? Infer a little bit would you.",0
1p9ibwu,"Well what's ""Pure"" in regards to any car? What would a ""Pure Electric"" be? why else would I mention charging? I dunno? PHEV's can be charged and operate as simple BEV's",-2
1p9ibwu,"Pure as in only electric, stop beating a dead horse.",1
1p9ibwu,"What makes them ""pure"", why not just use the term BEV? Or are you also including HFCEV's?",-1
1p9ibwu,if you can afford it and you have access to charging an EV is already better than an ICE for almost every scenario. The only real notable exceptions are heavy towing and light sports cars.,3
1p9ibwu,"Once charging infrastructure is common enough that anyone can get their fill done in 10 minutes (even IF everyone has an EV) then yes they're objectively the superior appliance. ICE cars are worse in almost every objective measure, including performance, other than weight.",3
1p9ibwu,"Sure, if performance to you exclusively means acceleration, an EV has it hands down.  But for every other measure of performance (for example deceleration or handling) the weight factor is a non-trivial deficit.",1
1p9ibwu,"HEV's and PHEV's are great for everyone (popularity of the BYD Shark is testament to that, when the Shark 9 hits, it'll be waiting lists to make Toyota blush) BEV's are great for the average person. Pure ICE's days are pretty much at an end, especially with new emissions laws",3
1p9ibwu,Your post sounds like it was written 4 years ago We’re way past this. I have two. I charge at home. Total cost over the last 12m (charging) is $60. It’s already worse to own petrol. If you have a caravan - keep your diesel 4wd. We do 35-40k per year. Been brilliant,8
1p9ibwu,"Its not worse to own a petrol already for most people. Yes, evs have lower running cost but lots of people cant afford the upfront cost.",-2
1p9ibwu,"They're on par with pure ICE cars already. BYD Atto 1 is on par with a Kia Picanto ($23,000 vs $22,000) BYD Dolphin is on par with the Toyota Corolla ($29,000 vs $32,000) BYD Atto 2 is on par with the Hyundai Kona (both $32,000) GWM Ora is on par with the Mazda 3 ($35,000 vs $37,000) BYD Seal is on par with the Toyota Camry (both $46,000) BYD Shark is on par with the Ford Ranger (both $57,000) There isn't a higher upfront cost anymore...",10
1p9ibwu,"1) Current EV's are way better than current ICE vehicles 2) Don't buy if you can't charge at home and will always need to supercharge 3) Buying now is perfectly fine, 5 years would be the sweet spot. Ignoring the quick tech growth, this will allow chinese EV brands to have settled in Australia and supply chain / support issues should be much better. 4) Corolla / Camry will still be kings",2
1p9ibwu,"Not right now. For my primary / family car we like to go remote, camping, exploring and the lack of infrastructure kills that. I just don't want to be worry if we'll find a charging station in the middle of the vic high country, or gippsland or grampians etc. Or plan our trips around charging stations. At some point I also want to rent a caravan and travel around, EVs are not great at that either. For my weekend drive, no thank you, EVs don't have the same feels as an excellent sounding V8. Sure, they are faster, cheaper to maintain, cheaper overall, but those are not important factors. I also haven't seen a proper offroader EV yet, maybe except the Rivian.",3
1p9ibwu,What infrastructure does a HEV or PHEV need that an ICE doesn't?,0
1p9ibwu,Pure EVs need chargers.,1
1p9ibwu,"What is a ""pure"" EV?",-1
1p9ibwu,"BEV I wasn't talking about HEV or PHEV vehicles, but BEVs.",0
1p9ibwu,"How is a BEV more ""Pure"" than any other EV?",0
1p9ibwu,"How is this related to my answer to OPs question? I was clearly talking about BEVs, anyone with common sense can understand that.",0
1p9ibwu,"Then why not say BEV's rather than dance around implying they are ""Pure"" in some way? Why take an elitist attitude with them?",0
1p9ibwu,Why don't you react to what I said instead of dancing around some word usage?,1
1p9ibwu,"The performance EVs absolutely RIP but have no soul. The day they can make EVs make good sound without wasting a tonne of power is the day ICE cars die for good. Looks wise though so many have no character at all or lean way too far into swoopy or ultra futuristic. Give me something like the N Vision or an EV Nissan Z or GR86 and im with you, sound or not.",2
1p9ibwu,"Personally I'd keep my ICE for the foreseeable future, because EV technology is still in its infancy. More specifically, the battery technology. Traction technology has existed for decades - they're used in trains and trams. Think of anything that's running on batteries - they're either running out of power, or have already run out of power. Personally I'd give it 10 years - that's just my 2 cents, someone else's experience might be different.",2
1p9ibwu,When they can tow my caravan anywhere I am in. Only on a 3 year old used one at 40% off though.,3
1p9ibwu,Why can't a BYD Shark do that?,1
1p9ibwu,"A model X towed a Qantas Boeing 787-9 Dreamliner, I think a caravan would be ok.
There are charging stations all over Australia. A quick search can find numerous examples of people doing trips all throughout and around this fine country.  Choice in suitable caravan size and a bit of planning (as would also need to be done in an ICE vehicle, because believe it or not, there are great swathes of this country where petrol stations are minimal - there's even signs designating as such). This conspiracy theory has been debunked on many occasions. I am surprised people still fall for it, and worse keep spreading it.  Just Google it mate. Next we'll be hearing about the batteries blowing up... In 1, 2, 3... EV Available in Australia|Towing capacity 
Audi 55 Quattro E-Tron  1800kg
Audi S Quattro E-Tron   1800kg
BMW iX  2500kg
BMW i4  1600kg
BMW iX3 (xDrive only)   1200kg
BMW i7 (xDrive 60 BEV only) 2000kg
Genesis GV60    1600kg
Genesis GV70 Electrified (Performance Lux only) 1800kg
Hyundai Ioniq 5 (all models besides N)  1600kg
Kia EV6 1600kg
Kia EV6 GT  1800kg
Kia EV9 (Earth and GT only) 2500kg
Polestar 2  1500kg
Polestar 3  2200kg
Polestar 4  1500kg
Polestar 4 Dual Motor   2000kg
Tesla Model Y   1600kg
Volvo C40   1500kg
Volvo C40 Twin Motor    1800kg
Volvo EX30 Twin Motor   1600kg
Volvo XC40  1500kg
Volvo XC40 Twin Motor   1800kg",1
1p9ibwu,"Reddit now has a ""Harassment Filter"" This filter is not controlled by the moderators, is not governed by the moderators, and is not really up to our discretion. At this stage, we genuinely have no idea what this means for the community, or if this is flagging our community for hate speech, harassment, or other bigger Reddit no-no's. As a result of this, we have removed your comment as it has been deemed badby Reddit, your comment may or may not have contravenedr/CarsAustraliaspecific rules. If you can rephrase your comment to be less triggering, use softer language, or be less abusive, we are open to you giving it another crack and not triggering the bot. Thanks for your understanding.",1
1p9ibwu,Done to death,1
1p9ibwu,I’d love one. I maybe do 50 km a day and there’s power in my apartment garage to install a charger. When my current ICE car carks it I’ll seriously consider an EV.,1
1p9ibwu,"My partner has an EV. She specifically didn’t want a petrol car and only looked at EVs. For most people they’re clearly superior, good acceleration for a medium SUV, don’t have to visit petrol stations, quiet, refined, reliable. Her one gets around 450km range and that has never been a problem for us. We’ve taken it on one holiday and public charging it twice during the trip was perfectly fine and convenient (just grab some food while you wait for 30 minutes). I personally don’t like them as the type of car they are don’t appeal to me. But I wouldn’t for a second deny that they’re objectively better.",1
1p9ibwu,"About to get one. There are MASSIVE incentives for those who can lease an EV. It also makes total sense for people with rooftop solar - free fuel. Finally, the air quality improvements make things better for everyone.",1
1p9ibwu,Nothing wrong with an electric vehicle and a majority could switch without any major drama.,1
1p9ibwu,Not right for us right now (live regionally and often have long distances to drive) but a potentiall move will mean we will sell one of the current cars in favour of an ev.,1
1p9ibwu,"Would love one. Looked at the BYD Dolphin. But I don't have anywhere to charge overnight because we have no room. I also drive way too far and would need the long range version of any EV. If in 5 years time I'm no longer living where I am, and if I WFH 3/5 days. Id absolutely buy one.",1
1p9ibwu,Have had a Geely EX5 for a few days. Came from a 2014 Commodore SS-V Redline. Would never go back to ICE.,1
1p9ibwu,"Our next car will be an electric car, probably as small as we can reasonably use, and the one after that will be a PHEV 4WD. That way we have everything covered and I can get around guilt free for when I eventually buy a weekender V8 Lexus...",1
1p9ibwu,"I like EVs, but still a long way from making the switch. Can’t charge at home as I don’t have a garage, means I would need to run an extension cable across the front lawn. I take the train, so no charging options while I’m at work either. To be frank, I don’t like any of the current EVs as a family car either. Probably with the exception of the Model Y which I wouldn’t buy for ethical reasons anyway. I’m in the process of building a new home and V2G has me pretty excited. But even still, only a handful of models currently support V2G and most of those aren’t even BEV.",1
1p9ibwu,There's still not enough competition imo. Very concerned about a future where all vehicles will follow the subscription model for anything and everything in the vehicles (same concerns for ICE too),1
1p9ibwu,"Yes,id get one now,I think for urban use they are perfect.",1
1p9ibwu,How about aervuces and availability of parts? Especially with new brands?,1
1p9ibwu,I’d get a well used one for cheap. For all the small suburban trips under 20km radius from home (70% of my driving nowadays). I wish there was a small wagon - size of the old lancer/corolla wagons would we ideal.,1
1p9ibwu,I spend $80 a month to fuel the fastest road car im the world. What you think?,1
1p9ibwu,"I've been visiting numerous car dealerships over the last few weeks and there was a level of activity at the BYD dealers that I didn't see elsewhere and I think we have reached a tipping point whereby the uptake of EV/Hybrid etc will begin to really ramp up. It was literally ""crickets"" at the ICE dealerships. Could just be anecdotal but I don't think so.",1
1p9ibwu,I bought my last car nearly 6 years ago. A petrol model. I do not intend to buy another car,1
1p9ibwu,"For 80-95% of the driving most of us do, they are perfect. Ideally there's enough room in the garage and budget for a second car, be it 4x4 or track weapon. 
Realistically our roads and Systems are great for enthusiastic driving, most don't do huge distances weekly and those of us out bush are getting more power security with off grid or semi off grid systems so the benefits of the EV's outweighs the ICE untill the tax man catches up.
The moment a well priced wagon comes along I'll be chopping the Subaru in for one if it's still financially viable.
The only real issue is cost and longevity, it's still hard to trust the Chinese brands while the Japanese's and euro perform poorly or cost the earth, all that while we still don't really know how batteries will fair over the life of newer vehicles  and what the costs will be as they age out.",1
1p9ibwu,"The moment a well priced wagon comes along I'll be chopping the Subaru in for one if it's still financially viable. The Audi A4 Avant PHEV is the same price as the pure ICE A4 Avant, both start at $70,000...",1
1p9ibwu,"It's a great option and well styled, but my next will be in a lower price bracket unfortunately. I'm sure something will be along in two or three years.",1
1p9ibwu,"Hate them being heavy and damaging the roads. Never experienced so many potholes before. Hate they don't have the range required to reduce the PITA of having to charge/refuel car. There headlights are so freaking blinding when travelling in the opposite direction. They look ugly, or so they did. Why couldn't they just keep with the Streamline Ice car looks and simply replace the engine etc with electric motors.",1
1p9ibwu,"There an appliance with no soul. Yeah I'll buy one for a to b driving, driven plenty of no soul ICE cars before too, probably next new car we get will be electric but that will be a while off.",-2
1p9ibwu,The vast majority of ICE cars are appliances with no soul. I fail to see any difference between a Toyota Corolla and an EV Hyundai Kona.,5
1p9ibwu,"Ironically modern Camry and Corolla are both actually very nice handling cars. To say nothing of the GR. You'd be better served using some small hatch on stilts as the example, say a Mazda cx3 or something.",1
1p9ibwu,"They're still just appliances. To pretend they somehow have soul is delusional at best. I've done thousands of kms behind the wheel of a Camry. Comfortable, economical and well suited to country roads. But soulful? Come off it.",1
1p9ibwu,"Try the two latest gen Camry, and the most recent Corolla. You'd be surprised. CEO does racing as a hobby, he's had a big hand in changing how the cars handle.",1
1p9ibwu,It was a 2024 model. Just because they're competent doesn't mean they aren't cars as appliances. Kia's are the same. Incredibly well tuned for Australian roads. And appliances.,1
1p9ibwu,"If you think 1 mechanical device has a soul but another doesn't, you may be a bit simple",0
1p9ibwu,"Planning to buy a Nio Firefly next year, and at some point convert my classic Rover. Eventually the petrol infrastructure will finish and just finding petrol will get difficult. Not sure when that will be, but I’m pretty certain it will happen so may as well start enjoying EVs now that the technology has matured a bit",0
1p9ibwu,"Opinions can be biased Market forces reveal the truth on “value”:
- 10 year old Tesla 
- 10 year old Toyota 
- 10 year old Mercedes
- same for 5 year old ones v. their value when new",0
1p9ibwu,Have tried searching? Plenty of posts already on here and the EV subs.,-1
1p9ibwu,Perhaps OP is a journalist looking for an easy win? In which case basic research is beyond them.,4
1p9ibwu,Ev subs will be bias. Just wanted to gauge the opinion of the general australian public who like cars.,-2
1p9ibwu,And there's shit loads of conversation here already...,1
1p9ibwu,Who do you think is in EV subs? General public who like cars,0
1p9ibwu,Always had 6 or 8 cylinder cars and loved them.  Now own a HEV and there is no looking back.  Love hardly ever buying fuel. Love how well they go.,0
1p9ibwu,"EVs are still too expensive even when leased (under the tax scheme). The range anxiety is a bit of an issue. Risk of the new road tax for EVs. So for me personally it doesn’t make financial sense, and not really convenient or flexible enough.",0
1p9ibwu,downvote this lazy karma farming spam post,0
1p9ibwu,How would I be karma farming by posting controversial topics for discussion? I just want to know what people think of EV's,0
1p9ibwu,"Soulless, boring, lacking personality but gets you to A to B. Which is what most people need. No one I know who enjoys driving cars has one.",0
1l96pah,"For $20K anything with active heating/cooling of the battery will be fine. Avoid early model Leafs. Kona EV or original Hyundai Ioniq should be fine. MG ZS EV is also ""fine"" but later model MG EVs like the MG4 are better if you can land one. Are second hand EVs a safe option? What do you mean by safe? Battery fires areincrediblyrare and other fires involving EVs (which are already much rarer than ICE fires) tend to be  due to faulty wiring or dodgy equipment in the home rather than the car. Safe in terms of reliable...? Many EV models haven't been around long enough to have comprehensive data. But they are mechanically simpler and seem to be holding up well. I would hang around owners groups a bit when you have some models shortlisted  and see if there are any commonly reported problems but suspect you'll be fine here. if the battery life will see us through that timeframe and useage Yes, almost certainly. In lab tests batteries tend to degrade around 1-2% a year - simulated. A 10 year old EV might have 80% battery capacity. For, say, a MG Excite 51 that's still somewhere between 200-300km on a full charge. If you're using it as a runaround and plugging it in at home every few nights that's completely usable. In the real world batteries are performing better than in the simulated tests so you'd probably be tracking even better than that. Feels totally sensible to me. However. The more you drive on electricity the more money you'll save (and the less pollution you'll spew into the world). If your 'main car' is petrol and your 2nd car is barely driven would you consider a new EV as your primary driver and shuffle the current petrol car to be the 2nd car? (And then if you're worried about range for road trips you still have a useable petrol car for occasional road trips.)",35
1l96pah,"As person who bought a second Ioniq Electric 38kWh, I highly recommend going down the second hand EV route. Massive depreciation has brought these cars basically into the same price bracket as their ICE equivalents. Like others have said, try to avoid the Leaf.",9
1l96pah,"As someone else who bought an Ioniq 38, I also highly recommend. Easily the best cheap(ish) second hand EV. Unless you want a model 3. The Ioniq isn't fast, but its comfortable, and efficient.",2
1l96pah,"Super efficient. Costs peanuts to run. Only needs to be charged every 5 days or so for us. Got plenty of tech without feeling like you're driving a beta. We bought ours 6 months ago for around $26k with just 17000km on the clock. It was on the pricey side. While the Kona was only a little more expensive, and faster, it's smaller and less suitable for us. The Model 3, well, it's more expensive and there's baggage. The Polestar 2 is tempting too, but again it's almost $20k more.",1
1l96pah,"Could be a good buy. The leaf, unfortunately is still the cheapest on car sales. I had 10k to buy one to do ~100km a week and still a yearly trip down south. The leaf does not look like a good proposition. I think we need to wait 5-10 more years before they become more ""affordable""  Remember the ""average"" car is 10 years old.",1
1l96pah,"Most are tracking better than the simulations because the testing is often based on fast-charging rather than home trickle charging. So, if you can buy one that has been mostly charged using domestic power supply, you’re more likely to get longer life out of the battery. 
2020+ manufactured EV batteries/motors are better built than most of the early 2000s/2010s hybrid battery/elec motors and tend not to fail anywhere near as often.",7
1l96pah,"Battery fires areincrediblyrare and other fires involving EVs (which are already much rarer than ICE fires) tend to be  due to faulty wiring or dodgy equipment in the home rather than the car. Safe in terms of reliable...? Many EV models haven't been around long enough to have comprehensive data. There's plenty of data, or no data depending on the question apparently.",1
1l96pah,"Well... yes? That's how using data to answer questions works, right? Different topic, different data needed. Perhaps I expressed myself badly. I was proposing and answering two different interpretations of what ""safe"" might mean to the OP. I assume they're not talking about crash safety since ANCAP ratings are available. What else might they mean? One interpretation - risk of fire. There is data available from fire agencies, insurers, etc. on how often cars catch on fire. Not hard to look at those numbers as a % of vehicles on the road for each fuel type and make some generalisations about comparative risk. Another interpretation - ""am I likely to buy something that isn't a lemon?"". That one can't be answered with information on car fires. You're looking at consumer reports and things like that. But just because, say, the MG ZS EV has been around for 5 years with no major problems doesn't mean we're going to start seeing them at 7 years. I mean it's a good sign if we haven't had mass recalls yet. But it's still more risky than, say, a Toyota. Umm... so yeah. Plenty of data or no data depending the question.",2
1l96pah,"Accurate data regarding EV firesdoes not existbecause of the speed of market takeup.  By the time a study is published the market share has gone up another 5%, and then you have the problem of sites like evfiresafe.com who take data fromanytype of ICEV fire, but only specifically traction battery fires for EVs.  I hope they are not where you sourced your data. To the other point, I'm glad you brought up the ZS EV.  Those things have a $1200 80k service which involves changing battery coolant and EDU fluid, but customers tend to skip it because they got in their heads that EVs don't need servicing, and they can't afford it anyway.  This is the kind of specific advice that would help OP, not a general ""they should be OK"" type comment.",0
1l96pah,I would say go for it if your range needs per day are low enough and especially if you can charge at home using one of the EV plans or your solar. Make sure the car is taken to a dealer and updated to the latest firmware because I believe they don't have OTA updates.,7
1l96pah,"Plenty of cars have OTA updates, but depends on the brand",1
1l96pah,"I think specifically MG, especially older ones don't have them",5
1l96pah,I own a second hand EV. Bought a 2021 Hyundai Ioniq 38kwh last year. Still gets nearly if not the same range as new. Haven’t had a single issue. And best part is I got it for about half price as brand new,5
1l96pah,"I assume you're looking at the 2021 MG ZS EV? That was my choice for a run about as well. I bought one a year ago and it's been great. Heated leather seats and a panoramic sunroof for that price? Bargain. Had a couple of minor issues, charging light on the grill logo stopped working, passenger door locking motor failed. Both fixed under warranty, no problem. It doesn't have the connectivity or range of our MG4 51 but that's only an issue if we wanted to take it interstate. In and around Melbourne is totally fine. I can take it from the Mornington Peninsula to Tullamarine Airport and back on a single charge not that it matters because there are dozens of charging sites in between. If you can stretch a bit further for the refreshed model (with the smooth grill) it'll have app connectivity and enough range to travel between the DC fast chargers on the Hume Highway. But the cheapest ones will have the lower trim (cloth seats, no sunroof).",3
1l96pah,"Was it easy to get repaired, or did it take a long wait.",2
1l96pah,"With the door lock I called up and they asked for a video of the issue, I sent them one, they ordered the part, I dropped off the car following week, just for a day. The glowing logo was tricker, took a couple of visits to get the correct part but it was fine. No cost on my part.",3
1l96pah,A second hand byd is great!,4
1l96pah,"I believe MGs in that price range are LFP only. Plus they should still be under warranty for 7 . So no issues expected for many hundreds of kms. LFPs are rated for millions of kms before any degradation over 20%. Your battery will see you through the usage for many years. Second hand budget EV is just came in the market, so it is a bit hard to gauge. But I looked at issues I had with my ICE second car back in the day, they are typically issues with engine, transmissions, pumps, leaks (from the cooling systems), engine misfiring etc.Most of these do not exist in EVs. You might face issues with suspension, but that is generally uncommon and not as expensive as engine issues. So in theory, your EV should be safe.",8
1l96pah,"Not LFP, I own one. Still totally fine though.",2
1l96pah,"yep, even with non LFP its still hundreds of thousands kms before it will degrade past 80% or so.",3
1l96pah,"We bought the MG4 51, the base model, because it was the only one of the range with an LFP battery. So I'm expecting it'll outlast the car. We also bought an older ZS EV, not LFP, but I fully expect that battery will also be completely fine when it comes time to sell it or if I keep it and hand it over to my kids in a decade.",2
1l96pah,im very interested to see the longevity of MG EVs vs ICE. I suspect it will be a point of realization that evs are much more reliable,1
1l96pah,"Apart from the earliest japanese EV's (Nissan Leaf and Mitsubishi iMiev) every other manufacturer seems to have realised an EV needed some sort of active battery management system. And all of those EV's seem to be ticking along just fine. I've had a couple of issues with my MG EV's but not with the drivetrain, just doors and lights. The EV portion of the cars has been flawless.",2
1l96pah,MG is a good pick as they didn't release with a high price point that greatly depreciated like the Nissan Leaf. Pricing seems fairly consistent across 2020/21 models which gives you a decent amount of choice. If you do find yourself wanting to spend more the MG4 came out in 2023 and are selling for around $26k.,3
1l96pah,"From personal experience and observations, MGs don't seem to wear well, their tech isn't great with age and if you're not doing many KMs then just get a 20k Corolla  to be honest. Edit: this place downvotes everything anti-EV. Not every brand is made equal, just like ICE vehicles and MGs are notorious for wearing badly. There's a reason their values are even worse secondhand than many EVs even starting from a low price point.",7
1l96pah,"MG EVs seem to have a better reputation than MG ICEVs though, but generally reliability for everything other than the drivetrain is probably questionable since surely they'd share a lot of the same other parts",3
1l96pah,"I don't disagree, but I wasn't so much referring to reliability as wear and tear, together with tech. Their buttons and dash material in my seen experience has been poor and wore really badly for their age and use, the seats didn't hold up well  their tech was laggy as all hell - the cars just felt worn out inside. Now mechanically they might just keep trucking but it felt a bit rough after just a few years.",3
1l96pah,"Fair enough. I spoke with a guy whos friend bought a brand new MG, and within a week the driver's side window stopped working and the week after that it needed a new fuel pump. Not a great first 2 weeks.",2
1l96pah,We had our MG4 for over a year and it still looks new.,1
1l96pah,I would hope it would. Be interesting to see what it's like at 5 years and 60k kms,1
1l96pah,"Have our EV ZS for not quite 3 years and 80k km. Going brilliant. Only issue is the back seat looks like shit, but that’s because of the 2 kids. Can’t get them replaced on warranty though",1
1l96pah,We did 23k km in first year. Hardly any tyre wear. Interior is like new. Our ford ranger after 1 year had seat wear where you slide in. So far very impressed,1
1l96pah,It is a risk compared to a used ICE equivalent vehicle hence the massive depreciation. That said the concerns about longevity may turn out to be unfounded. Up to you and your risk appetite. If it was me I would be getting a used Corolla that will easily do 10 years without issue.,2
1l96pah,pocket special flowery fade grey lock ad hoc exultant aspiring fragile This post was mass deleted and anonymized withRedact,1
1l96pah,"Just check what the insurance is, I've noticed a lot of ev's seem to get written off for what appears to be minimal damage, so this is likely going to push up rates.",1
1l96pah,"Why not take a look at a used Mitsubishi PHEV proven technology and zero range anxiety. A good way to dip your toes into the EV world.
Speaking from personal experience 👍",1
1l96pah,"Personally I'd go a 2019 model 3 with 180,000km on it. Better at everything and loads of them around so parts are cheap and available. Even early ones with NCA batteries will do another 180,000 without serious degradation.",2
1l96pah,How much a 180k km model 3 will cost?,4
1l96pah,Seen them going under 20k with that or more,1
1l96pah,Tesla or nothing ild say,1
1l96pah,Why don’t you get a 2nd hand Toyota hybrid or something. Heaps for $20k and under. That way you are guaranteed to have it for 10+ years without spending any serious money on it. Holding onto a Chinese EV for 10+ years will definitely cost more money in the long run.,0
1t9u0fz,The day BYD started a dedicated RHD production line ahead of any other major EV manufacturer was the day I knew they'd be heading for a top spot in Australia. Kia and Hyundai had a head start but their wait times were abysmal.,27
1t9u0fz,"The cheap Chinese comments are from people who only know Chinese manufacturing through Temu, and have no idea of the precision engineering that comes out of china now days. 
Japanese and Korean cars faced the same problems when they began selling internationally also. Anyone who shits on a byd hasn't been in one.",66
1t9u0fz,"I will put my hand up as one of those guys who actively memed China whether they could make top quality products that compete on the world stage. I went to China last month to see for myself and the reality is we are being lied to. They are way more technologically advanced as a society than any of us can imagine. Their infrastructure is out of this world and their cars are on a different level of luxury for laughable prices, if they manage to export to other markets without tariffs. I am now of the view all other car manufacturers need to copy China to some extent, whether it be creatively, operationally or economies of scale to survive the next 5 years. Yes my usage of 'all' includes Germany luxury brands.",15
1t9u0fz,"Great! Competition is good for literally everybody! Companies, customers and even the friking gov!",6
1t9u0fz,"My friend works in government and for them chinese evs are a total no go. Not that it's a real issue but having Chinese cars is seen as a risk for them. Fair enough. For me, I really love my chinese ev. Its awesome. If somebody wanted my information they already get it when I take my phone with me.",2
1t9u0fz,When I said that even the gov benefits from competition is because more competition means more companies ergo more taxes.,3
1t9u0fz,For sure. I wasn't being mean btw.,0
1t9u0fz,I work for state government and this isn’t true for us.,2
1t9u0fz,"Great! Less import everything from China!
So we don’t have local industry, everything will be fine.",1
1t9u0fz,If having our own industry means we all have to pay more for worse products so we don’t need our industry,1
1t9u0fz,"Having no industry makes you completely dependent on external sources. Relying on China is such a mistake, they proved numerous times that they were not our allies.",1
1t9u0fz,again if having an industry means we all have to pay double for cars so no thank you,1
1t9u0fz,"It IS the petrol prices scare, but even so. Super impressive.",4
1t9u0fz,"True that second place is not sustainable in the short term though they do have a solid product range and almost something for everyone. Competition from other Chinese brands will hurt, example currently the atto 3 is far worse value than leapmotor B10 and priced about the same as the Zeekr X which is seen as a more luxury offering. Long term I think they could hold down second to Toyota, Ford will be strong unless taxation changes and loopholes around Utes as family cars is locked down. Mazda is on a hard decline and Kia/hyundai steal each others sales",2
1t9u0fz,"It goes deeper eventually. Its just way, way cheaper to own an ev. I can buy 3 new cars with the savings. Its nuts.",1
1t9u0fz,"Still see reports of long delays in obtaining parts for smash repairs, but I suppose that could be the case for a number of brands. It’s not like any cars are made in this country any more.",9
1t9u0fz,I think it's been the same for all cars since covid. No one keeps stock of anything anymore.,11
1t9u0fz,"Yep. Customers have shown they don't factor in parts availability when buying new. Why would a company spend money keeping inventory if customers don't value it. In saying that I don't expect Chinese brands are any worse than established brands, they might even be better in the near future.",2
1t9u0fz,"So for a real example for my mg 4 it took 3 weeks to replace my front bumper and headlight. My car could totally drive, the lights worked and it was in the shop for 3 days. In that time I had an insurance based car for that period of time. I heard the horror stories and they are probably legitimate but for me it was just as easy as an ice vehicle. So anecdotal for sure.",3
1t9u0fz,"Seen many reports to the contrary recently, apparently parts are becoming easier to get and repairs are cheaper than most other cars. Good for me, insurance has been going down every year",3
1t9u0fz,"we have an ldv, 5 years ago we couldn't get parts now I can get every part in aftermarket at Supercheap. It's been a great car too for 40k, 100k on the clock, it's been all around Australia and zero breakdowns.",2
1t9u0fz,"my jazz is stuck with smash repairs for 3 wks. (took over a month to book the repair and 3 wks of waiting) ppl, dont crash your car....",2
1t9u0fz,"It's bad for everything now, but vertical integration makes it worse. The OEM model allows multiple manufacturers to gear up to build parts, they all then need to be fully interchangeable for a whole known model run. This gives a lot more access for third party manufacture of parts. Tesla and the Chinese manufacturers all focus on vertical integration, there are less companies that can build any one part. They have better control of the pricing of the part, and there is generally less supply and supply channels. It's just bad for consumers in general. The other issue is incompatibility of parts/subsystems. Under the OEM model you could buy the same part from 6 manufacturers and be guaranteed it would work. Now you might have 3 version of a reverse parking sensor but none are interchangeable. You can't order parts until you pull the old one and inspect it. This isn't a Chinese manufacturing problem as much as it is a manufacturing without caring about maintenance and repair/disposable cars. Tesla are worse than the Chinese in this regard, they just have, actually had, a bigger market share so it was less noticeable.",1
1t9u0fz,"Have a look at the video I linked and see how much BYD make in house that other manufacturers outsource, from air bags to window controll buttons, you name it there's a good chance they do it themselves.",1
1t9u0fz,"Enjoying my BYD Atto 1! I think it’s not a big surprise simply because no other company offers an EV in every segment. Will be interesting to see if Geely is able to make up ground when they launch more than just the EX5, but for now it’s basically BYD, Kia at $10k more or one-off cars with brands trying to enter the market. Do think they’re starting to suffer from success but that’s somewhat of a good issue to suffer from.",3
1t9u0fz,Kia is 10k more only because manufacturing in China. EV5 ‘s price is rocking high in UK.,1
1t9u0fz,Best-selling models of April 2026,5
1t9u0fz,The fact Cherry is 4 is a recession indicator I might liquidate my stocks,3
1t9u0fz,No more mg,1
1t9u0fz,The questionable  quality of mg ice cars has hurt their decent ev line,3
1t9u0fz,I drove an MG HS as a hire car and had to adjust the lower end of my scale two places down to fit it in. I never even considered an engine and gearbox could be THAT bad.,1
1t9u0fz,Ford Ranger – 3661 We're still overpaying tradies I see....,1
1t9u0fz,BYD was a battery company that then built a car around its batteries. It’s an impressive company for sure and one that scares Elon.,2
1t9u0fz,Elon laughed at and mocked  BYD on TV a few years ago.,3
1t9u0fz,Everyone is laughing and mocking Elon now. He’s a muppet.,4
1t9u0fz,"Yep, and why do people often do such things? Because they feel threatened.",2
1t9u0fz,I think we will soon see the day where a Chinese EV company (probably BYD) is #1,2
1t9u0fz,"Easily. I only buy Chinese from now on, there cars are the most cutting edge and have the highest upside",1
1t9u0fz,you know it's good when US bans BYD to keep Ford alive,1
1t9u0fz,"I did and I got a lot of hate for it, sincerely byd seal preorder gang",2
1t9u0fz,"Knowing how much competition is in the Chinese market, I wouldn't have been surprised if the number 1 spot  eventually becomes a brand from China. BYD or other. The war has only brought the growth timeline forward. It makes you wonder how legacy brands can charge double the money for half the features (particularly the European ones).",3
1t9u0fz,Case in point my Ora GT being about as well equipped as a mini Aceman at about half the price.,2
1t9u0fz,"All cars will
Be made in china just like everything else",1
1t9u0fz,"We got an Atto 3 in 2023. After seeing the car for the money, it was either other companies cut prices or they bow to the Chinese car companies. We seem to have settled on the latter.",1
1t9u0fz,Now let’s hope that due to the increase that they work on the super annoying software issues,1
1t9u0fz,"Nothing's bothering me, what are you referring to?",1
1t9u0fz,"I find the software in my Hyundai more user friendly here are my gripes:
- no settings for different drivers
- voice activation is not as good as my Hyundai, it seems to do less or require very specific words to do what I want
- the manual is not very well written or user friendly. It’s not clear on how to turn things off that I don’t like",1
1t9u0fz,I ordered a the byd seal 6 I cannot wait,1
1t9u0fz,Lets talk 10 yrs down the road,1
1t9u0fz,"probably take a few more years, just because people are buying them doesn't mean it drops the cheap Chinese car stigma, they are cheap EV cars. People forget that KIA and Hyundai were cheap Korean cars until they weren't, give them 10 years and see how it goes",1
1t9u0fz,Their resale is absolutely shit. Although people are buying them the stigma is still there and very real. Toyota’s resale is ridiculous and despite this are still greatly sorted after. I can’t see this changing anytime soon. Chinese made will always be seen as junk by the general public and used car sales will be the great revealer,1
1t9u0fz,Games gone,1
1t9u0fz,Trump is their greatest sales asset. He's done more for EV's than any adverts in the history of capitalism.,1
1t9u0fz,"Yes the Shark 6 has really catapulted BYD to the #2 spot that quickly. Will be ordering one soon, they have just killed it in the ute segment which is the most popular type of car in Australia. Why anyone would buy a ranger or hilux still is beyond me (apart from towing alot)",1
1t9u0fz,Remember when Japanese cars become a favourite.,2
1t9u0fz,Absolutely. China has been perfectly poised to completely take over the auto market as we move into electric vehicles.,1
1t9u0fz,Personally I’m still hesitant to buy one. Happy to wait a few more years to see how the cars withstand local conditions and supply chain etc. I’d be interested to see (for all brands) what the ratio of private to fleet sales are,1
1t9u0fz,BYD has an entire CITY dedicated to manufacturing cars. Yes I’m not surprised they won. Yes they deserved it (begrudgingly). Everyone warned about China and now it’s here,1
1t9u0fz,Not really surprising. Build good cars at good prices and some actually looks really good. BYD appears to be leading the battery game and are vertically integrated. Some may hate Chinese cars but you can't live in denial forever.,1
1t9u0fz,"Ok great, just don't plug your phone in to the charger.",1
1t9u0fz,Aren’t BYD losing money on all their vehicles? It’d be interesting to see how sustainable they end up being…,1
1t9u0fz,"Good for them. Seems like a lot of comments praising the Chinese manufacturing industry. Maybe they have really improved, or maybe not...who am I to judge? I just think, when I'm travelling 100km/h on a motorway, along with my wife and my kid, I feel like I want to put my trust in a Japanese car with a 120-year of manufacturing history.",1
1t9u0fz,Not surprised in the slightest. They have something to suit almost everyone and the finish inside the cabins is miles ahead of similar priced cars.,1
1t9u0fz,...yes. We literally poured millions into keeping Holden afloat. We have no idea what the consumer wants when it comes to the automotive market.,1
1t9u0fz,And how many thousands are sitting in car graveyards in China ?,1
1t9u0fz,"BYD looked at the marke and built what the market was looking for, as opposed to Australian car makers who refused to change. Good on them.",1
1t9u0fz,So what about servicing times? Parts etc. Are these fixed?,1
1t9u0fz,holy tinfoil hat larp in here,1
1t9u0fz,Im not picking on the brand just what I saw and was told. Recently went to buy a second hand car at a very big well known second hand car dealership in Brisbane. Their warehouse is massive and must have around 1000 cars at any one time. I noticed the large amount of BYDs that was noticeably way more than any other brand. When we were doing my contract I asked the salesman and he told me that they get around 500 BYD trade-ins every fortnight.,1
1t9u0fz,"China has been making car components for the AU market for many years, not surprised they make good cars.",1
1t9u0fz,"😅 they better start opening more workshops for them because my partners a mechanic at one and they have been crazy busy because Australia is about to start taxing all electric cars!! lol I will say, my partner is all for “real” cars or whatever but he does not mind the way the BYDs are made/build and run! Definitely the only electric cars he said he would ever buy :) if we owned a home to put in a charger…",1
1t9u0fz,"How are these cars holding up after a few years, has anyone had rust problems?",2
1t9u0fz,"Just bought one , value for money is crazy.",1
1t9u0fz,How's their 4WD vehicles?,1
1t9u0fz,"After recent world events, I've switched my tune and am loving Chinese stuff, but their ev game is out of this world, the streets in China are silent, they have better models out there, I can see why it's taking over here",1
1t9u0fz,"number 2 brand in what? ‘cause it certainly ain’t post-sale support and warranty, i can tell you that much.",1
1t9u0fz,Make a good product at a fair price and long warranty and people will buy it. Who knew?,1
1t9u0fz,News.comhaving an absolute mare,1
1t9u0fz,Huh?,1
1t9u0fz,They get off by sprouting negative stories about any Chinese EV car manufacturer. Thankfully no one listens to their abysmal journalism.,1
1t9u0fz,"But when I clicked the link, there was no story?",1
1t9u0fz,It’s their ongoing narrative. There’s at least one story a week,1
1t9u0fz,do you meannews.com.au?,2
1t9u0fz,Same diff,2
1t9u0fz,"I bought BYD shares 3.5 years ago just after I placed the order for my Atto 3. I got one of the first Atto 3s in Australia, actually. I made enough money from my BYD shares to buy another BYD, but I haven't decided which one I'm buying yet. BYD was always going to take over. It was obvious to me.",1
1t9u0fz,Yangwang drove faster than Bugatti in Germany in 2025(The BYD luxury brand),0
